NSIDC,ISO,latest%20NSIDC%20ISO%20XML.xml,Abstract,
NSIDC,ISO,latest%20NSIDC%20ISO%20XML.xml,Additional Attributes,
NSIDC,ISO,latest%20NSIDC%20ISO%20XML.xml,Additional Attributes,
NSIDC,ISO,latest%20NSIDC%20ISO%20XML.xml,Additional Attributes,
NSIDC,ISO,latest%20NSIDC%20ISO%20XML.xml,Additional Attributes,
NSIDC,ISO,latest%20NSIDC%20ISO%20XML.xml,Additional Attributes,
NSIDC,ISO,latest%20NSIDC%20ISO%20XML.xml,Additional Attributes,
NSIDC,ISO,latest%20NSIDC%20ISO%20XML.xml,Additional Attributes,
NSIDC,ISO,latest%20NSIDC%20ISO%20XML.xml,Additional Attributes,
NSIDC,ISO,latest%20NSIDC%20ISO%20XML.xml,Additional Attributes,
NSIDC,ISO,latest%20NSIDC%20ISO%20XML.xml,Additional Attributes,
NSIDC,ISO,latest%20NSIDC%20ISO%20XML.xml,Additional Attributes - Descriptive Keywords,
NSIDC,ISO,latest%20NSIDC%20ISO%20XML.xml,Additional Attributes - Descriptive Keywords,
NSIDC,ISO,latest%20NSIDC%20ISO%20XML.xml,Additional Attributes - Descriptive Keywords,
NSIDC,ISO,latest%20NSIDC%20ISO%20XML.xml,Additional Attributes - Descriptive Keywords,
NSIDC,ISO,latest%20NSIDC%20ISO%20XML.xml,Additional Attributes - Descriptive Keywords,
NSIDC,ISO,latest%20NSIDC%20ISO%20XML.xml,Additional Attributes - Descriptive Keywords,
NSIDC,ISO,latest%20NSIDC%20ISO%20XML.xml,Additional Attributes - Descriptive Keywords,
NSIDC,ISO,latest%20NSIDC%20ISO%20XML.xml,Additional Attributes - Descriptive Keywords,
NSIDC,ISO,latest%20NSIDC%20ISO%20XML.xml,Additional Attributes - Descriptive Keywords,
NSIDC,ISO,latest%20NSIDC%20ISO%20XML.xml,Address,
NSIDC,ISO,latest%20NSIDC%20ISO%20XML.xml,Address,
NSIDC,ISO,latest%20NSIDC%20ISO%20XML.xml,Address,
NSIDC,ISO,latest%20NSIDC%20ISO%20XML.xml,Address,
NSIDC,ISO,latest%20NSIDC%20ISO%20XML.xml,Address,
NSIDC,ISO,latest%20NSIDC%20ISO%20XML.xml,Address,
NSIDC,ISO,latest%20NSIDC%20ISO%20XML.xml,Address,
NSIDC,ISO,latest%20NSIDC%20ISO%20XML.xml,Address,
NSIDC,ISO,latest%20NSIDC%20ISO%20XML.xml,Address,
NSIDC,ISO,latest%20NSIDC%20ISO%20XML.xml,Address,
NSIDC,ISO,latest%20NSIDC%20ISO%20XML.xml,Address,
NSIDC,ISO,latest%20NSIDC%20ISO%20XML.xml,Address,
NSIDC,ISO,latest%20NSIDC%20ISO%20XML.xml,Address,
NSIDC,ISO,latest%20NSIDC%20ISO%20XML.xml,Address,
NSIDC,ISO,latest%20NSIDC%20ISO%20XML.xml,Address,
NSIDC,ISO,latest%20NSIDC%20ISO%20XML.xml,Address,
NSIDC,ISO,latest%20NSIDC%20ISO%20XML.xml,Address,
NSIDC,ISO,latest%20NSIDC%20ISO%20XML.xml,Address,
NSIDC,ISO,latest%20NSIDC%20ISO%20XML.xml,Address,
NSIDC,ISO,latest%20NSIDC%20ISO%20XML.xml,Address,
NSIDC,ISO,latest%20NSIDC%20ISO%20XML.xml,Address,
NSIDC,ISO,latest%20NSIDC%20ISO%20XML.xml,Address,
NSIDC,ISO,latest%20NSIDC%20ISO%20XML.xml,Address,
NSIDC,ISO,latest%20NSIDC%20ISO%20XML.xml,Address,
NSIDC,ISO,latest%20NSIDC%20ISO%20XML.xml,Address,
NSIDC,ISO,latest%20NSIDC%20ISO%20XML.xml,Address,
NSIDC,ISO,latest%20NSIDC%20ISO%20XML.xml,Address,
NSIDC,ISO,latest%20NSIDC%20ISO%20XML.xml,Address,
NSIDC,ISO,latest%20NSIDC%20ISO%20XML.xml,Address,
NSIDC,ISO,latest%20NSIDC%20ISO%20XML.xml,Address,
NSIDC,ISO,latest%20NSIDC%20ISO%20XML.xml,Address,
NSIDC,ISO,latest%20NSIDC%20ISO%20XML.xml,Address,
NSIDC,ISO,latest%20NSIDC%20ISO%20XML.xml,Address,
NSIDC,ISO,latest%20NSIDC%20ISO%20XML.xml,Address,
NSIDC,ISO,latest%20NSIDC%20ISO%20XML.xml,Address,
NSIDC,ISO,latest%20NSIDC%20ISO%20XML.xml,Address,
NSIDC,ISO,latest%20NSIDC%20ISO%20XML.xml,Ancillary Keyword,
NSIDC,ISO,latest%20NSIDC%20ISO%20XML.xml,Ancillary Keyword,
NSIDC,ISO,latest%20NSIDC%20ISO%20XML.xml,Ancillary Keyword,
NSIDC,ISO,latest%20NSIDC%20ISO%20XML.xml,Ancillary Keyword,
NSIDC,ISO,latest%20NSIDC%20ISO%20XML.xml,Ancillary Keyword,
NSIDC,ISO,latest%20NSIDC%20ISO%20XML.xml,Ancillary Keyword,
NSIDC,ISO,latest%20NSIDC%20ISO%20XML.xml,Ancillary Keyword,
NSIDC,ISO,latest%20NSIDC%20ISO%20XML.xml,Ancillary Keyword,
NSIDC,ISO,latest%20NSIDC%20ISO%20XML.xml,Ancillary Keyword,
NSIDC,ISO,latest%20NSIDC%20ISO%20XML.xml,Author / Originator,
NSIDC,ISO,latest%20NSIDC%20ISO%20XML.xml,Author / Originator,
NSIDC,ISO,latest%20NSIDC%20ISO%20XML.xml,Author / Originator,
NSIDC,ISO,latest%20NSIDC%20ISO%20XML.xml,Author / Originator,
NSIDC,ISO,latest%20NSIDC%20ISO%20XML.xml,Author / Originator,
NSIDC,ISO,latest%20NSIDC%20ISO%20XML.xml,Bounding Box,
NSIDC,ISO,latest%20NSIDC%20ISO%20XML.xml,Bounding Box,
NSIDC,ISO,latest%20NSIDC%20ISO%20XML.xml,Bounding Box,
NSIDC,ISO,latest%20NSIDC%20ISO%20XML.xml,Bounding Box,
NSIDC,ISO,latest%20NSIDC%20ISO%20XML.xml,Bounding Box,
NSIDC,ISO,latest%20NSIDC%20ISO%20XML.xml,Bounding Box,
NSIDC,ISO,latest%20NSIDC%20ISO%20XML.xml,Bounding Box,
NSIDC,ISO,latest%20NSIDC%20ISO%20XML.xml,Bounding Box,
NSIDC,ISO,latest%20NSIDC%20ISO%20XML.xml,Cited Resource Identifier,
NSIDC,ISO,latest%20NSIDC%20ISO%20XML.xml,Cited Resource Identifier,
NSIDC,ISO,latest%20NSIDC%20ISO%20XML.xml,Cited Resource Title,
NSIDC,ISO,latest%20NSIDC%20ISO%20XML.xml,Cited Resource Title,
NSIDC,ISO,latest%20NSIDC%20ISO%20XML.xml,Cited Resource Title,
NSIDC,ISO,latest%20NSIDC%20ISO%20XML.xml,Cited Resource Title,
NSIDC,ISO,latest%20NSIDC%20ISO%20XML.xml,Cited Resource Title,
NSIDC,ISO,latest%20NSIDC%20ISO%20XML.xml,Cited Resource Title,
NSIDC,ISO,latest%20NSIDC%20ISO%20XML.xml,City,
NSIDC,ISO,latest%20NSIDC%20ISO%20XML.xml,City,
NSIDC,ISO,latest%20NSIDC%20ISO%20XML.xml,City,
NSIDC,ISO,latest%20NSIDC%20ISO%20XML.xml,City,
NSIDC,ISO,latest%20NSIDC%20ISO%20XML.xml,City,
NSIDC,ISO,latest%20NSIDC%20ISO%20XML.xml,City,
NSIDC,ISO,latest%20NSIDC%20ISO%20XML.xml,City,
NSIDC,ISO,latest%20NSIDC%20ISO%20XML.xml,City,
NSIDC,ISO,latest%20NSIDC%20ISO%20XML.xml,City,
NSIDC,ISO,latest%20NSIDC%20ISO%20XML.xml,City,
NSIDC,ISO,latest%20NSIDC%20ISO%20XML.xml,City,
NSIDC,ISO,latest%20NSIDC%20ISO%20XML.xml,City,
NSIDC,ISO,latest%20NSIDC%20ISO%20XML.xml,City,
NSIDC,ISO,latest%20NSIDC%20ISO%20XML.xml,City,
NSIDC,ISO,latest%20NSIDC%20ISO%20XML.xml,City,
NSIDC,ISO,latest%20NSIDC%20ISO%20XML.xml,City,
NSIDC,ISO,latest%20NSIDC%20ISO%20XML.xml,Contributor Name,
NSIDC,ISO,latest%20NSIDC%20ISO%20XML.xml,Contributor Role,
NSIDC,ISO,latest%20NSIDC%20ISO%20XML.xml,Coordinate Reference System (CRS),
NSIDC,ISO,latest%20NSIDC%20ISO%20XML.xml,Country,
NSIDC,ISO,latest%20NSIDC%20ISO%20XML.xml,Country,
NSIDC,ISO,latest%20NSIDC%20ISO%20XML.xml,Country,
NSIDC,ISO,latest%20NSIDC%20ISO%20XML.xml,Country,
NSIDC,ISO,latest%20NSIDC%20ISO%20XML.xml,Country,
NSIDC,ISO,latest%20NSIDC%20ISO%20XML.xml,Country,
NSIDC,ISO,latest%20NSIDC%20ISO%20XML.xml,Country,
NSIDC,ISO,latest%20NSIDC%20ISO%20XML.xml,Country,
NSIDC,ISO,latest%20NSIDC%20ISO%20XML.xml,Data Dates,
NSIDC,ISO,latest%20NSIDC%20ISO%20XML.xml,Data Dates,
NSIDC,ISO,latest%20NSIDC%20ISO%20XML.xml,Data Dates,
NSIDC,ISO,latest%20NSIDC%20ISO%20XML.xml,Data Dates,
NSIDC,ISO,latest%20NSIDC%20ISO%20XML.xml,Data Dates,
NSIDC,ISO,latest%20NSIDC%20ISO%20XML.xml,Data Quality Scope,
NSIDC,ISO,latest%20NSIDC%20ISO%20XML.xml,Distribution Contact,
NSIDC,ISO,latest%20NSIDC%20ISO%20XML.xml,Distribution Format,
NSIDC,ISO,latest%20NSIDC%20ISO%20XML.xml,Easternmost Longitude,
NSIDC,ISO,latest%20NSIDC%20ISO%20XML.xml,Email,
NSIDC,ISO,latest%20NSIDC%20ISO%20XML.xml,Email,
NSIDC,ISO,latest%20NSIDC%20ISO%20XML.xml,Email,
NSIDC,ISO,latest%20NSIDC%20ISO%20XML.xml,Email,
NSIDC,ISO,latest%20NSIDC%20ISO%20XML.xml,Email,
NSIDC,ISO,latest%20NSIDC%20ISO%20XML.xml,Email,
NSIDC,ISO,latest%20NSIDC%20ISO%20XML.xml,Email,
NSIDC,ISO,latest%20NSIDC%20ISO%20XML.xml,Email,
NSIDC,ISO,latest%20NSIDC%20ISO%20XML.xml,Email,
NSIDC,ISO,latest%20NSIDC%20ISO%20XML.xml,End Time,
NSIDC,ISO,latest%20NSIDC%20ISO%20XML.xml,Enumerated Domain Value,
NSIDC,ISO,latest%20NSIDC%20ISO%20XML.xml,Enumerated Domain Value,
NSIDC,ISO,latest%20NSIDC%20ISO%20XML.xml,Enumerated Domain Value,
NSIDC,ISO,latest%20NSIDC%20ISO%20XML.xml,Enumerated Domain Value,
NSIDC,ISO,latest%20NSIDC%20ISO%20XML.xml,Enumerated Domain Value,
NSIDC,ISO,latest%20NSIDC%20ISO%20XML.xml,Enumerated Domain Value,
NSIDC,ISO,latest%20NSIDC%20ISO%20XML.xml,Enumerated Domain Value,
NSIDC,ISO,latest%20NSIDC%20ISO%20XML.xml,Enumerated Domain Value,
NSIDC,ISO,latest%20NSIDC%20ISO%20XML.xml,Enumerated Domain Value,
NSIDC,ISO,latest%20NSIDC%20ISO%20XML.xml,Enumerated Domain Value Definition Source,
NSIDC,ISO,latest%20NSIDC%20ISO%20XML.xml,Enumerated Domain Value Definition Source,
NSIDC,ISO,latest%20NSIDC%20ISO%20XML.xml,Enumerated Domain Value Definition Source,
NSIDC,ISO,latest%20NSIDC%20ISO%20XML.xml,Enumerated Domain Value Definition Source,
NSIDC,ISO,latest%20NSIDC%20ISO%20XML.xml,Enumerated Domain Value Definition Source,
NSIDC,ISO,latest%20NSIDC%20ISO%20XML.xml,Fax,
NSIDC,ISO,latest%20NSIDC%20ISO%20XML.xml,Fax,
NSIDC,ISO,latest%20NSIDC%20ISO%20XML.xml,Fax,
NSIDC,ISO,latest%20NSIDC%20ISO%20XML.xml,Fax,
NSIDC,ISO,latest%20NSIDC%20ISO%20XML.xml,Fax,
NSIDC,ISO,latest%20NSIDC%20ISO%20XML.xml,First Name,
NSIDC,ISO,latest%20NSIDC%20ISO%20XML.xml,First Name,
NSIDC,ISO,latest%20NSIDC%20ISO%20XML.xml,First Name,
NSIDC,ISO,latest%20NSIDC%20ISO%20XML.xml,First Name,
NSIDC,ISO,latest%20NSIDC%20ISO%20XML.xml,First Name,
NSIDC,ISO,latest%20NSIDC%20ISO%20XML.xml,First Name,
NSIDC,ISO,latest%20NSIDC%20ISO%20XML.xml,First Name,
NSIDC,ISO,latest%20NSIDC%20ISO%20XML.xml,First Name,
NSIDC,ISO,latest%20NSIDC%20ISO%20XML.xml,First Name,
NSIDC,ISO,latest%20NSIDC%20ISO%20XML.xml,First Name,
NSIDC,ISO,latest%20NSIDC%20ISO%20XML.xml,First Name,
NSIDC,ISO,latest%20NSIDC%20ISO%20XML.xml,First Name,
NSIDC,ISO,latest%20NSIDC%20ISO%20XML.xml,First Name,
NSIDC,ISO,latest%20NSIDC%20ISO%20XML.xml,First Name,
NSIDC,ISO,latest%20NSIDC%20ISO%20XML.xml,First Name,
NSIDC,ISO,latest%20NSIDC%20ISO%20XML.xml,Geographic Description,
NSIDC,ISO,latest%20NSIDC%20ISO%20XML.xml,Instrument,
NSIDC,ISO,latest%20NSIDC%20ISO%20XML.xml,Instrument Keyword,
NSIDC,ISO,latest%20NSIDC%20ISO%20XML.xml,Instrument Keyword Vocabulary,
NSIDC,ISO,latest%20NSIDC%20ISO%20XML.xml,Instrument Short Name,
NSIDC,ISO,latest%20NSIDC%20ISO%20XML.xml,Instrument Type,
NSIDC,ISO,latest%20NSIDC%20ISO%20XML.xml,Keyword,
NSIDC,ISO,latest%20NSIDC%20ISO%20XML.xml,Keyword,
NSIDC,ISO,latest%20NSIDC%20ISO%20XML.xml,Keyword,
NSIDC,ISO,latest%20NSIDC%20ISO%20XML.xml,Keyword,
NSIDC,ISO,latest%20NSIDC%20ISO%20XML.xml,Keyword,
NSIDC,ISO,latest%20NSIDC%20ISO%20XML.xml,Keyword,
NSIDC,ISO,latest%20NSIDC%20ISO%20XML.xml,Keyword,
NSIDC,ISO,latest%20NSIDC%20ISO%20XML.xml,Keyword,
NSIDC,ISO,latest%20NSIDC%20ISO%20XML.xml,Keyword,
NSIDC,ISO,latest%20NSIDC%20ISO%20XML.xml,Keyword,
NSIDC,ISO,latest%20NSIDC%20ISO%20XML.xml,Keyword,
NSIDC,ISO,latest%20NSIDC%20ISO%20XML.xml,Keyword,
NSIDC,ISO,latest%20NSIDC%20ISO%20XML.xml,Keyword,
NSIDC,ISO,latest%20NSIDC%20ISO%20XML.xml,Keyword,
NSIDC,ISO,latest%20NSIDC%20ISO%20XML.xml,Keyword Type,
NSIDC,ISO,latest%20NSIDC%20ISO%20XML.xml,Keyword Type,
NSIDC,ISO,latest%20NSIDC%20ISO%20XML.xml,Keyword Type,
NSIDC,ISO,latest%20NSIDC%20ISO%20XML.xml,Keyword Type,
NSIDC,ISO,latest%20NSIDC%20ISO%20XML.xml,Keyword Type,
NSIDC,ISO,latest%20NSIDC%20ISO%20XML.xml,Keyword Vocabulary,
NSIDC,ISO,latest%20NSIDC%20ISO%20XML.xml,Keyword Vocabulary,
NSIDC,ISO,latest%20NSIDC%20ISO%20XML.xml,Keyword Vocabulary,
NSIDC,ISO,latest%20NSIDC%20ISO%20XML.xml,Keyword Vocabulary,
NSIDC,ISO,latest%20NSIDC%20ISO%20XML.xml,Keyword Vocabulary,
NSIDC,ISO,latest%20NSIDC%20ISO%20XML.xml,Keyword Vocabulary Citation,
NSIDC,ISO,latest%20NSIDC%20ISO%20XML.xml,Keyword Vocabulary Citation,
NSIDC,ISO,latest%20NSIDC%20ISO%20XML.xml,Keyword Vocabulary Citation,
NSIDC,ISO,latest%20NSIDC%20ISO%20XML.xml,Keyword Vocabulary Citation,
NSIDC,ISO,latest%20NSIDC%20ISO%20XML.xml,Keyword Vocabulary Citation,
NSIDC,ISO,latest%20NSIDC%20ISO%20XML.xml,Last Name,
NSIDC,ISO,latest%20NSIDC%20ISO%20XML.xml,Last Name,
NSIDC,ISO,latest%20NSIDC%20ISO%20XML.xml,Last Name,
NSIDC,ISO,latest%20NSIDC%20ISO%20XML.xml,Last Name,
NSIDC,ISO,latest%20NSIDC%20ISO%20XML.xml,Last Name,
NSIDC,ISO,latest%20NSIDC%20ISO%20XML.xml,Last Name,
NSIDC,ISO,latest%20NSIDC%20ISO%20XML.xml,Last Name,
NSIDC,ISO,latest%20NSIDC%20ISO%20XML.xml,Last Name,
NSIDC,ISO,latest%20NSIDC%20ISO%20XML.xml,Last Name,
NSIDC,ISO,latest%20NSIDC%20ISO%20XML.xml,Last Name,
NSIDC,ISO,latest%20NSIDC%20ISO%20XML.xml,Last Name,
NSIDC,ISO,latest%20NSIDC%20ISO%20XML.xml,Last Name,
NSIDC,ISO,latest%20NSIDC%20ISO%20XML.xml,Last Name,
NSIDC,ISO,latest%20NSIDC%20ISO%20XML.xml,Last Name,
NSIDC,ISO,latest%20NSIDC%20ISO%20XML.xml,Last Name,
NSIDC,ISO,latest%20NSIDC%20ISO%20XML.xml,Metadata Access Constraints,
NSIDC,ISO,latest%20NSIDC%20ISO%20XML.xml,Metadata Contact,
NSIDC,ISO,latest%20NSIDC%20ISO%20XML.xml,Metadata Dates,
NSIDC,ISO,latest%20NSIDC%20ISO%20XML.xml,Metadata Identifier,
NSIDC,ISO,latest%20NSIDC%20ISO%20XML.xml,Metadata Language,
NSIDC,ISO,latest%20NSIDC%20ISO%20XML.xml,Metadata Modified Date,
NSIDC,ISO,latest%20NSIDC%20ISO%20XML.xml,Metadata Standard Citation,
NSIDC,ISO,latest%20NSIDC%20ISO%20XML.xml,Metadata Standard Version,
NSIDC,ISO,latest%20NSIDC%20ISO%20XML.xml,Middle Name,
NSIDC,ISO,latest%20NSIDC%20ISO%20XML.xml,Middle Name,
NSIDC,ISO,latest%20NSIDC%20ISO%20XML.xml,Middle Name,
NSIDC,ISO,latest%20NSIDC%20ISO%20XML.xml,Middle Name,
NSIDC,ISO,latest%20NSIDC%20ISO%20XML.xml,Middle Name,
NSIDC,ISO,latest%20NSIDC%20ISO%20XML.xml,Middle Name,
NSIDC,ISO,latest%20NSIDC%20ISO%20XML.xml,Middle Name,
NSIDC,ISO,latest%20NSIDC%20ISO%20XML.xml,Middle Name,
NSIDC,ISO,latest%20NSIDC%20ISO%20XML.xml,Middle Name,
NSIDC,ISO,latest%20NSIDC%20ISO%20XML.xml,Middle Name,
NSIDC,ISO,latest%20NSIDC%20ISO%20XML.xml,Middle Name,
NSIDC,ISO,latest%20NSIDC%20ISO%20XML.xml,Middle Name,
NSIDC,ISO,latest%20NSIDC%20ISO%20XML.xml,Middle Name,
NSIDC,ISO,latest%20NSIDC%20ISO%20XML.xml,Middle Name,
NSIDC,ISO,latest%20NSIDC%20ISO%20XML.xml,Middle Name,
NSIDC,ISO,latest%20NSIDC%20ISO%20XML.xml,Northernmost Latitude,
NSIDC,ISO,latest%20NSIDC%20ISO%20XML.xml,Online Resource,
NSIDC,ISO,latest%20NSIDC%20ISO%20XML.xml,Online Resource,
NSIDC,ISO,latest%20NSIDC%20ISO%20XML.xml,Online Resource,
NSIDC,ISO,latest%20NSIDC%20ISO%20XML.xml,Online Resource,
NSIDC,ISO,latest%20NSIDC%20ISO%20XML.xml,Online Resource,
NSIDC,ISO,latest%20NSIDC%20ISO%20XML.xml,Online Resource,
NSIDC,ISO,latest%20NSIDC%20ISO%20XML.xml,Online Resource Description,
NSIDC,ISO,latest%20NSIDC%20ISO%20XML.xml,Online Resource Description,
NSIDC,ISO,latest%20NSIDC%20ISO%20XML.xml,Online Resource Description,
NSIDC,ISO,latest%20NSIDC%20ISO%20XML.xml,Online Resource Name/Title,
NSIDC,ISO,latest%20NSIDC%20ISO%20XML.xml,Online Resource Name/Title,
NSIDC,ISO,latest%20NSIDC%20ISO%20XML.xml,Online Resource Name/Title,
NSIDC,ISO,latest%20NSIDC%20ISO%20XML.xml,Organization Name,
NSIDC,ISO,latest%20NSIDC%20ISO%20XML.xml,Organization Name,
NSIDC,ISO,latest%20NSIDC%20ISO%20XML.xml,Organization Name,
NSIDC,ISO,latest%20NSIDC%20ISO%20XML.xml,Organization Name,
NSIDC,ISO,latest%20NSIDC%20ISO%20XML.xml,Organization Name,
NSIDC,ISO,latest%20NSIDC%20ISO%20XML.xml,Organization Name,
NSIDC,ISO,latest%20NSIDC%20ISO%20XML.xml,Organization Name,
NSIDC,ISO,latest%20NSIDC%20ISO%20XML.xml,Organization Name,
NSIDC,ISO,latest%20NSIDC%20ISO%20XML.xml,Organization Name,
NSIDC,ISO,latest%20NSIDC%20ISO%20XML.xml,Organization Name,
NSIDC,ISO,latest%20NSIDC%20ISO%20XML.xml,Organization Name,
NSIDC,ISO,latest%20NSIDC%20ISO%20XML.xml,Organization Name,
NSIDC,ISO,latest%20NSIDC%20ISO%20XML.xml,Organization Name,
NSIDC,ISO,latest%20NSIDC%20ISO%20XML.xml,Organization Name,
NSIDC,ISO,latest%20NSIDC%20ISO%20XML.xml,Organization Name,
NSIDC,ISO,latest%20NSIDC%20ISO%20XML.xml,Paleo Temporal Coverage,
NSIDC,ISO,latest%20NSIDC%20ISO%20XML.xml,Paleo Temporal Coverage,
NSIDC,ISO,latest%20NSIDC%20ISO%20XML.xml,Party,
NSIDC,ISO,latest%20NSIDC%20ISO%20XML.xml,Party,
NSIDC,ISO,latest%20NSIDC%20ISO%20XML.xml,Party,
NSIDC,ISO,latest%20NSIDC%20ISO%20XML.xml,Party,
NSIDC,ISO,latest%20NSIDC%20ISO%20XML.xml,Party,
NSIDC,ISO,latest%20NSIDC%20ISO%20XML.xml,Party,
NSIDC,ISO,latest%20NSIDC%20ISO%20XML.xml,Party,
NSIDC,ISO,latest%20NSIDC%20ISO%20XML.xml,Party,
NSIDC,ISO,latest%20NSIDC%20ISO%20XML.xml,Party,
NSIDC,ISO,latest%20NSIDC%20ISO%20XML.xml,Party,
NSIDC,ISO,latest%20NSIDC%20ISO%20XML.xml,Party,
NSIDC,ISO,latest%20NSIDC%20ISO%20XML.xml,Party,
NSIDC,ISO,latest%20NSIDC%20ISO%20XML.xml,Party,
NSIDC,ISO,latest%20NSIDC%20ISO%20XML.xml,Party,
NSIDC,ISO,latest%20NSIDC%20ISO%20XML.xml,Party,
NSIDC,ISO,latest%20NSIDC%20ISO%20XML.xml,Party,
NSIDC,ISO,latest%20NSIDC%20ISO%20XML.xml,Party,
NSIDC,ISO,latest%20NSIDC%20ISO%20XML.xml,Party,
NSIDC,ISO,latest%20NSIDC%20ISO%20XML.xml,Party,
NSIDC,ISO,latest%20NSIDC%20ISO%20XML.xml,Party,
NSIDC,ISO,latest%20NSIDC%20ISO%20XML.xml,Party,
NSIDC,ISO,latest%20NSIDC%20ISO%20XML.xml,Party,
NSIDC,ISO,latest%20NSIDC%20ISO%20XML.xml,Party,
NSIDC,ISO,latest%20NSIDC%20ISO%20XML.xml,Party,
NSIDC,ISO,latest%20NSIDC%20ISO%20XML.xml,Party,
NSIDC,ISO,latest%20NSIDC%20ISO%20XML.xml,Party,
NSIDC,ISO,latest%20NSIDC%20ISO%20XML.xml,Party,
NSIDC,ISO,latest%20NSIDC%20ISO%20XML.xml,Party,
NSIDC,ISO,latest%20NSIDC%20ISO%20XML.xml,Party,
NSIDC,ISO,latest%20NSIDC%20ISO%20XML.xml,Party,
NSIDC,ISO,latest%20NSIDC%20ISO%20XML.xml,Party,
NSIDC,ISO,latest%20NSIDC%20ISO%20XML.xml,Party,
NSIDC,ISO,latest%20NSIDC%20ISO%20XML.xml,Party,
NSIDC,ISO,latest%20NSIDC%20ISO%20XML.xml,Party,
NSIDC,ISO,latest%20NSIDC%20ISO%20XML.xml,Party,
NSIDC,ISO,latest%20NSIDC%20ISO%20XML.xml,Party,
NSIDC,ISO,latest%20NSIDC%20ISO%20XML.xml,Party,
NSIDC,ISO,latest%20NSIDC%20ISO%20XML.xml,Party,
NSIDC,ISO,latest%20NSIDC%20ISO%20XML.xml,Party,
NSIDC,ISO,latest%20NSIDC%20ISO%20XML.xml,Party,
NSIDC,ISO,latest%20NSIDC%20ISO%20XML.xml,Party,
NSIDC,ISO,latest%20NSIDC%20ISO%20XML.xml,Party,
NSIDC,ISO,latest%20NSIDC%20ISO%20XML.xml,Party,
NSIDC,ISO,latest%20NSIDC%20ISO%20XML.xml,Party,
NSIDC,ISO,latest%20NSIDC%20ISO%20XML.xml,Party,
NSIDC,ISO,latest%20NSIDC%20ISO%20XML.xml,Party,
NSIDC,ISO,latest%20NSIDC%20ISO%20XML.xml,Party,
NSIDC,ISO,latest%20NSIDC%20ISO%20XML.xml,Party,
NSIDC,ISO,latest%20NSIDC%20ISO%20XML.xml,Party,
NSIDC,ISO,latest%20NSIDC%20ISO%20XML.xml,Party,
NSIDC,ISO,latest%20NSIDC%20ISO%20XML.xml,Party,
NSIDC,ISO,latest%20NSIDC%20ISO%20XML.xml,Party,
NSIDC,ISO,latest%20NSIDC%20ISO%20XML.xml,Party,
NSIDC,ISO,latest%20NSIDC%20ISO%20XML.xml,Party,
NSIDC,ISO,latest%20NSIDC%20ISO%20XML.xml,Party,
NSIDC,ISO,latest%20NSIDC%20ISO%20XML.xml,Party,
NSIDC,ISO,latest%20NSIDC%20ISO%20XML.xml,Party,
NSIDC,ISO,latest%20NSIDC%20ISO%20XML.xml,Party,
NSIDC,ISO,latest%20NSIDC%20ISO%20XML.xml,Party,
NSIDC,ISO,latest%20NSIDC%20ISO%20XML.xml,Party,
NSIDC,ISO,latest%20NSIDC%20ISO%20XML.xml,Party,
NSIDC,ISO,latest%20NSIDC%20ISO%20XML.xml,Party,
NSIDC,ISO,latest%20NSIDC%20ISO%20XML.xml,Party,
NSIDC,ISO,latest%20NSIDC%20ISO%20XML.xml,Party,
NSIDC,ISO,latest%20NSIDC%20ISO%20XML.xml,Party,
NSIDC,ISO,latest%20NSIDC%20ISO%20XML.xml,Party,
NSIDC,ISO,latest%20NSIDC%20ISO%20XML.xml,Party,
NSIDC,ISO,latest%20NSIDC%20ISO%20XML.xml,Party,
NSIDC,ISO,latest%20NSIDC%20ISO%20XML.xml,Party,
NSIDC,ISO,latest%20NSIDC%20ISO%20XML.xml,Party,
NSIDC,ISO,latest%20NSIDC%20ISO%20XML.xml,Party,
NSIDC,ISO,latest%20NSIDC%20ISO%20XML.xml,Party,
NSIDC,ISO,latest%20NSIDC%20ISO%20XML.xml,Party,
NSIDC,ISO,latest%20NSIDC%20ISO%20XML.xml,Party,
NSIDC,ISO,latest%20NSIDC%20ISO%20XML.xml,Party,
NSIDC,ISO,latest%20NSIDC%20ISO%20XML.xml,Party,
NSIDC,ISO,latest%20NSIDC%20ISO%20XML.xml,Party,
NSIDC,ISO,latest%20NSIDC%20ISO%20XML.xml,Party,
NSIDC,ISO,latest%20NSIDC%20ISO%20XML.xml,Party,
NSIDC,ISO,latest%20NSIDC%20ISO%20XML.xml,Party,
NSIDC,ISO,latest%20NSIDC%20ISO%20XML.xml,Party,
NSIDC,ISO,latest%20NSIDC%20ISO%20XML.xml,Party,
NSIDC,ISO,latest%20NSIDC%20ISO%20XML.xml,Party,
NSIDC,ISO,latest%20NSIDC%20ISO%20XML.xml,Party,
NSIDC,ISO,latest%20NSIDC%20ISO%20XML.xml,Party,
NSIDC,ISO,latest%20NSIDC%20ISO%20XML.xml,Party,
NSIDC,ISO,latest%20NSIDC%20ISO%20XML.xml,Party,
NSIDC,ISO,latest%20NSIDC%20ISO%20XML.xml,Party,
NSIDC,ISO,latest%20NSIDC%20ISO%20XML.xml,Party,
NSIDC,ISO,latest%20NSIDC%20ISO%20XML.xml,Party,
NSIDC,ISO,latest%20NSIDC%20ISO%20XML.xml,Party,
NSIDC,ISO,latest%20NSIDC%20ISO%20XML.xml,Party,
NSIDC,ISO,latest%20NSIDC%20ISO%20XML.xml,Party,
NSIDC,ISO,latest%20NSIDC%20ISO%20XML.xml,Party,
NSIDC,ISO,latest%20NSIDC%20ISO%20XML.xml,Party,
NSIDC,ISO,latest%20NSIDC%20ISO%20XML.xml,Party,
NSIDC,ISO,latest%20NSIDC%20ISO%20XML.xml,Party,
NSIDC,ISO,latest%20NSIDC%20ISO%20XML.xml,Party,
NSIDC,ISO,latest%20NSIDC%20ISO%20XML.xml,Party,
NSIDC,ISO,latest%20NSIDC%20ISO%20XML.xml,Party,
NSIDC,ISO,latest%20NSIDC%20ISO%20XML.xml,Party,
NSIDC,ISO,latest%20NSIDC%20ISO%20XML.xml,Party,
NSIDC,ISO,latest%20NSIDC%20ISO%20XML.xml,Party,
NSIDC,ISO,latest%20NSIDC%20ISO%20XML.xml,Party,
NSIDC,ISO,latest%20NSIDC%20ISO%20XML.xml,Party,
NSIDC,ISO,latest%20NSIDC%20ISO%20XML.xml,Party,
NSIDC,ISO,latest%20NSIDC%20ISO%20XML.xml,Party,
NSIDC,ISO,latest%20NSIDC%20ISO%20XML.xml,Party,
NSIDC,ISO,latest%20NSIDC%20ISO%20XML.xml,Party,
NSIDC,ISO,latest%20NSIDC%20ISO%20XML.xml,Party,
NSIDC,ISO,latest%20NSIDC%20ISO%20XML.xml,Party,
NSIDC,ISO,latest%20NSIDC%20ISO%20XML.xml,Party,
NSIDC,ISO,latest%20NSIDC%20ISO%20XML.xml,Party,
NSIDC,ISO,latest%20NSIDC%20ISO%20XML.xml,Party,
NSIDC,ISO,latest%20NSIDC%20ISO%20XML.xml,Party,
NSIDC,ISO,latest%20NSIDC%20ISO%20XML.xml,Party,
NSIDC,ISO,latest%20NSIDC%20ISO%20XML.xml,Party,
NSIDC,ISO,latest%20NSIDC%20ISO%20XML.xml,Party,
NSIDC,ISO,latest%20NSIDC%20ISO%20XML.xml,Party,
NSIDC,ISO,latest%20NSIDC%20ISO%20XML.xml,Party,
NSIDC,ISO,latest%20NSIDC%20ISO%20XML.xml,Party,
NSIDC,ISO,latest%20NSIDC%20ISO%20XML.xml,Party,
NSIDC,ISO,latest%20NSIDC%20ISO%20XML.xml,Party,
NSIDC,ISO,latest%20NSIDC%20ISO%20XML.xml,Party,
NSIDC,ISO,latest%20NSIDC%20ISO%20XML.xml,Party,
NSIDC,ISO,latest%20NSIDC%20ISO%20XML.xml,Party,
NSIDC,ISO,latest%20NSIDC%20ISO%20XML.xml,Party,
NSIDC,ISO,latest%20NSIDC%20ISO%20XML.xml,Party,
NSIDC,ISO,latest%20NSIDC%20ISO%20XML.xml,Party,
NSIDC,ISO,latest%20NSIDC%20ISO%20XML.xml,Party,
NSIDC,ISO,latest%20NSIDC%20ISO%20XML.xml,Party,
NSIDC,ISO,latest%20NSIDC%20ISO%20XML.xml,Party,
NSIDC,ISO,latest%20NSIDC%20ISO%20XML.xml,Party,
NSIDC,ISO,latest%20NSIDC%20ISO%20XML.xml,Party,
NSIDC,ISO,latest%20NSIDC%20ISO%20XML.xml,Party,
NSIDC,ISO,latest%20NSIDC%20ISO%20XML.xml,Party,
NSIDC,ISO,latest%20NSIDC%20ISO%20XML.xml,Party,
NSIDC,ISO,latest%20NSIDC%20ISO%20XML.xml,Party,
NSIDC,ISO,latest%20NSIDC%20ISO%20XML.xml,Party,
NSIDC,ISO,latest%20NSIDC%20ISO%20XML.xml,Party,
NSIDC,ISO,latest%20NSIDC%20ISO%20XML.xml,Party,
NSIDC,ISO,latest%20NSIDC%20ISO%20XML.xml,Party,
NSIDC,ISO,latest%20NSIDC%20ISO%20XML.xml,Party,
NSIDC,ISO,latest%20NSIDC%20ISO%20XML.xml,Party,
NSIDC,ISO,latest%20NSIDC%20ISO%20XML.xml,Party,
NSIDC,ISO,latest%20NSIDC%20ISO%20XML.xml,Party,
NSIDC,ISO,latest%20NSIDC%20ISO%20XML.xml,Party,
NSIDC,ISO,latest%20NSIDC%20ISO%20XML.xml,Party,
NSIDC,ISO,latest%20NSIDC%20ISO%20XML.xml,Party,
NSIDC,ISO,latest%20NSIDC%20ISO%20XML.xml,Party,
NSIDC,ISO,latest%20NSIDC%20ISO%20XML.xml,Party,
NSIDC,ISO,latest%20NSIDC%20ISO%20XML.xml,Party,
NSIDC,ISO,latest%20NSIDC%20ISO%20XML.xml,Party,
NSIDC,ISO,latest%20NSIDC%20ISO%20XML.xml,Party,
NSIDC,ISO,latest%20NSIDC%20ISO%20XML.xml,Party,
NSIDC,ISO,latest%20NSIDC%20ISO%20XML.xml,Party,
NSIDC,ISO,latest%20NSIDC%20ISO%20XML.xml,Party,
NSIDC,ISO,latest%20NSIDC%20ISO%20XML.xml,Party,
NSIDC,ISO,latest%20NSIDC%20ISO%20XML.xml,Party,
NSIDC,ISO,latest%20NSIDC%20ISO%20XML.xml,Party,
NSIDC,ISO,latest%20NSIDC%20ISO%20XML.xml,Party,
NSIDC,ISO,latest%20NSIDC%20ISO%20XML.xml,Party,
NSIDC,ISO,latest%20NSIDC%20ISO%20XML.xml,Party,
NSIDC,ISO,latest%20NSIDC%20ISO%20XML.xml,Party,
NSIDC,ISO,latest%20NSIDC%20ISO%20XML.xml,Party,
NSIDC,ISO,latest%20NSIDC%20ISO%20XML.xml,Party,
NSIDC,ISO,latest%20NSIDC%20ISO%20XML.xml,Party,
NSIDC,ISO,latest%20NSIDC%20ISO%20XML.xml,Party,
NSIDC,ISO,latest%20NSIDC%20ISO%20XML.xml,Party,
NSIDC,ISO,latest%20NSIDC%20ISO%20XML.xml,Party,
NSIDC,ISO,latest%20NSIDC%20ISO%20XML.xml,Party,
NSIDC,ISO,latest%20NSIDC%20ISO%20XML.xml,Party,
NSIDC,ISO,latest%20NSIDC%20ISO%20XML.xml,Party,
NSIDC,ISO,latest%20NSIDC%20ISO%20XML.xml,Party,
NSIDC,ISO,latest%20NSIDC%20ISO%20XML.xml,Party,
NSIDC,ISO,latest%20NSIDC%20ISO%20XML.xml,Party,
NSIDC,ISO,latest%20NSIDC%20ISO%20XML.xml,Party,
NSIDC,ISO,latest%20NSIDC%20ISO%20XML.xml,Party,
NSIDC,ISO,latest%20NSIDC%20ISO%20XML.xml,Party,
NSIDC,ISO,latest%20NSIDC%20ISO%20XML.xml,Party,
NSIDC,ISO,latest%20NSIDC%20ISO%20XML.xml,Party,
NSIDC,ISO,latest%20NSIDC%20ISO%20XML.xml,Party,
NSIDC,ISO,latest%20NSIDC%20ISO%20XML.xml,Party,
NSIDC,ISO,latest%20NSIDC%20ISO%20XML.xml,Party,
NSIDC,ISO,latest%20NSIDC%20ISO%20XML.xml,Party,
NSIDC,ISO,latest%20NSIDC%20ISO%20XML.xml,Party,
NSIDC,ISO,latest%20NSIDC%20ISO%20XML.xml,Party,
NSIDC,ISO,latest%20NSIDC%20ISO%20XML.xml,Party,
NSIDC,ISO,latest%20NSIDC%20ISO%20XML.xml,Party,
NSIDC,ISO,latest%20NSIDC%20ISO%20XML.xml,Party,
NSIDC,ISO,latest%20NSIDC%20ISO%20XML.xml,Party,
NSIDC,ISO,latest%20NSIDC%20ISO%20XML.xml,Party,
NSIDC,ISO,latest%20NSIDC%20ISO%20XML.xml,Party,
NSIDC,ISO,latest%20NSIDC%20ISO%20XML.xml,Party,
NSIDC,ISO,latest%20NSIDC%20ISO%20XML.xml,Party,
NSIDC,ISO,latest%20NSIDC%20ISO%20XML.xml,Party,
NSIDC,ISO,latest%20NSIDC%20ISO%20XML.xml,Party,
NSIDC,ISO,latest%20NSIDC%20ISO%20XML.xml,Party,
NSIDC,ISO,latest%20NSIDC%20ISO%20XML.xml,Party,
NSIDC,ISO,latest%20NSIDC%20ISO%20XML.xml,Party,
NSIDC,ISO,latest%20NSIDC%20ISO%20XML.xml,Party,
NSIDC,ISO,latest%20NSIDC%20ISO%20XML.xml,Party,
NSIDC,ISO,latest%20NSIDC%20ISO%20XML.xml,Party,
NSIDC,ISO,latest%20NSIDC%20ISO%20XML.xml,Party,
NSIDC,ISO,latest%20NSIDC%20ISO%20XML.xml,Party,
NSIDC,ISO,latest%20NSIDC%20ISO%20XML.xml,Party,
NSIDC,ISO,latest%20NSIDC%20ISO%20XML.xml,Party,
NSIDC,ISO,latest%20NSIDC%20ISO%20XML.xml,Party,
NSIDC,ISO,latest%20NSIDC%20ISO%20XML.xml,Party,
NSIDC,ISO,latest%20NSIDC%20ISO%20XML.xml,Party,
NSIDC,ISO,latest%20NSIDC%20ISO%20XML.xml,Party,
NSIDC,ISO,latest%20NSIDC%20ISO%20XML.xml,Party,
NSIDC,ISO,latest%20NSIDC%20ISO%20XML.xml,Party,
NSIDC,ISO,latest%20NSIDC%20ISO%20XML.xml,Party,
NSIDC,ISO,latest%20NSIDC%20ISO%20XML.xml,Party,
NSIDC,ISO,latest%20NSIDC%20ISO%20XML.xml,Party,
NSIDC,ISO,latest%20NSIDC%20ISO%20XML.xml,Party,
NSIDC,ISO,latest%20NSIDC%20ISO%20XML.xml,Party,
NSIDC,ISO,latest%20NSIDC%20ISO%20XML.xml,Party,
NSIDC,ISO,latest%20NSIDC%20ISO%20XML.xml,Party,
NSIDC,ISO,latest%20NSIDC%20ISO%20XML.xml,Party,
NSIDC,ISO,latest%20NSIDC%20ISO%20XML.xml,Party,
NSIDC,ISO,latest%20NSIDC%20ISO%20XML.xml,Party,
NSIDC,ISO,latest%20NSIDC%20ISO%20XML.xml,Party,
NSIDC,ISO,latest%20NSIDC%20ISO%20XML.xml,Party,
NSIDC,ISO,latest%20NSIDC%20ISO%20XML.xml,Party,
NSIDC,ISO,latest%20NSIDC%20ISO%20XML.xml,Party,
NSIDC,ISO,latest%20NSIDC%20ISO%20XML.xml,Party,
NSIDC,ISO,latest%20NSIDC%20ISO%20XML.xml,Party,
NSIDC,ISO,latest%20NSIDC%20ISO%20XML.xml,Party,
NSIDC,ISO,latest%20NSIDC%20ISO%20XML.xml,Party,
NSIDC,ISO,latest%20NSIDC%20ISO%20XML.xml,Party,
NSIDC,ISO,latest%20NSIDC%20ISO%20XML.xml,Party,
NSIDC,ISO,latest%20NSIDC%20ISO%20XML.xml,Party,
NSIDC,ISO,latest%20NSIDC%20ISO%20XML.xml,Party,
NSIDC,ISO,latest%20NSIDC%20ISO%20XML.xml,Party,
NSIDC,ISO,latest%20NSIDC%20ISO%20XML.xml,Party,
NSIDC,ISO,latest%20NSIDC%20ISO%20XML.xml,Party,
NSIDC,ISO,latest%20NSIDC%20ISO%20XML.xml,Party,
NSIDC,ISO,latest%20NSIDC%20ISO%20XML.xml,Party,
NSIDC,ISO,latest%20NSIDC%20ISO%20XML.xml,Party,
NSIDC,ISO,latest%20NSIDC%20ISO%20XML.xml,Party,
NSIDC,ISO,latest%20NSIDC%20ISO%20XML.xml,Party,
NSIDC,ISO,latest%20NSIDC%20ISO%20XML.xml,Party,
NSIDC,ISO,latest%20NSIDC%20ISO%20XML.xml,Party,
NSIDC,ISO,latest%20NSIDC%20ISO%20XML.xml,Party,
NSIDC,ISO,latest%20NSIDC%20ISO%20XML.xml,Party,
NSIDC,ISO,latest%20NSIDC%20ISO%20XML.xml,Party,
NSIDC,ISO,latest%20NSIDC%20ISO%20XML.xml,Party,
NSIDC,ISO,latest%20NSIDC%20ISO%20XML.xml,Party,
NSIDC,ISO,latest%20NSIDC%20ISO%20XML.xml,Party,
NSIDC,ISO,latest%20NSIDC%20ISO%20XML.xml,Party,
NSIDC,ISO,latest%20NSIDC%20ISO%20XML.xml,Party,
NSIDC,ISO,latest%20NSIDC%20ISO%20XML.xml,Party,
NSIDC,ISO,latest%20NSIDC%20ISO%20XML.xml,Party,
NSIDC,ISO,latest%20NSIDC%20ISO%20XML.xml,Party,
NSIDC,ISO,latest%20NSIDC%20ISO%20XML.xml,Party,
NSIDC,ISO,latest%20NSIDC%20ISO%20XML.xml,Party,
NSIDC,ISO,latest%20NSIDC%20ISO%20XML.xml,Party,
NSIDC,ISO,latest%20NSIDC%20ISO%20XML.xml,Party,
NSIDC,ISO,latest%20NSIDC%20ISO%20XML.xml,Party,
NSIDC,ISO,latest%20NSIDC%20ISO%20XML.xml,Party,
NSIDC,ISO,latest%20NSIDC%20ISO%20XML.xml,Party,
NSIDC,ISO,latest%20NSIDC%20ISO%20XML.xml,Party,
NSIDC,ISO,latest%20NSIDC%20ISO%20XML.xml,Party,
NSIDC,ISO,latest%20NSIDC%20ISO%20XML.xml,Party,
NSIDC,ISO,latest%20NSIDC%20ISO%20XML.xml,Party,
NSIDC,ISO,latest%20NSIDC%20ISO%20XML.xml,Party,
NSIDC,ISO,latest%20NSIDC%20ISO%20XML.xml,Party,
NSIDC,ISO,latest%20NSIDC%20ISO%20XML.xml,Party,
NSIDC,ISO,latest%20NSIDC%20ISO%20XML.xml,Party,
NSIDC,ISO,latest%20NSIDC%20ISO%20XML.xml,Party,
NSIDC,ISO,latest%20NSIDC%20ISO%20XML.xml,Party,
NSIDC,ISO,latest%20NSIDC%20ISO%20XML.xml,Party,
NSIDC,ISO,latest%20NSIDC%20ISO%20XML.xml,Party,
NSIDC,ISO,latest%20NSIDC%20ISO%20XML.xml,Party,
NSIDC,ISO,latest%20NSIDC%20ISO%20XML.xml,Party,
NSIDC,ISO,latest%20NSIDC%20ISO%20XML.xml,Party,
NSIDC,ISO,latest%20NSIDC%20ISO%20XML.xml,Party,
NSIDC,ISO,latest%20NSIDC%20ISO%20XML.xml,Party,
NSIDC,ISO,latest%20NSIDC%20ISO%20XML.xml,Party,
NSIDC,ISO,latest%20NSIDC%20ISO%20XML.xml,Party,
NSIDC,ISO,latest%20NSIDC%20ISO%20XML.xml,Party,
NSIDC,ISO,latest%20NSIDC%20ISO%20XML.xml,Party,
NSIDC,ISO,latest%20NSIDC%20ISO%20XML.xml,Party,
NSIDC,ISO,latest%20NSIDC%20ISO%20XML.xml,Party,
NSIDC,ISO,latest%20NSIDC%20ISO%20XML.xml,Party,
NSIDC,ISO,latest%20NSIDC%20ISO%20XML.xml,Party,
NSIDC,ISO,latest%20NSIDC%20ISO%20XML.xml,Party,
NSIDC,ISO,latest%20NSIDC%20ISO%20XML.xml,Party,
NSIDC,ISO,latest%20NSIDC%20ISO%20XML.xml,Party,
NSIDC,ISO,latest%20NSIDC%20ISO%20XML.xml,Party,
NSIDC,ISO,latest%20NSIDC%20ISO%20XML.xml,Party,
NSIDC,ISO,latest%20NSIDC%20ISO%20XML.xml,Party,
NSIDC,ISO,latest%20NSIDC%20ISO%20XML.xml,Party,
NSIDC,ISO,latest%20NSIDC%20ISO%20XML.xml,Party,
NSIDC,ISO,latest%20NSIDC%20ISO%20XML.xml,Party,
NSIDC,ISO,latest%20NSIDC%20ISO%20XML.xml,Party,
NSIDC,ISO,latest%20NSIDC%20ISO%20XML.xml,Party,
NSIDC,ISO,latest%20NSIDC%20ISO%20XML.xml,Party,
NSIDC,ISO,latest%20NSIDC%20ISO%20XML.xml,Party,
NSIDC,ISO,latest%20NSIDC%20ISO%20XML.xml,Party,
NSIDC,ISO,latest%20NSIDC%20ISO%20XML.xml,Party,
NSIDC,ISO,latest%20NSIDC%20ISO%20XML.xml,Party,
NSIDC,ISO,latest%20NSIDC%20ISO%20XML.xml,Party,
NSIDC,ISO,latest%20NSIDC%20ISO%20XML.xml,Party,
NSIDC,ISO,latest%20NSIDC%20ISO%20XML.xml,Party,
NSIDC,ISO,latest%20NSIDC%20ISO%20XML.xml,Party,
NSIDC,ISO,latest%20NSIDC%20ISO%20XML.xml,Party,
NSIDC,ISO,latest%20NSIDC%20ISO%20XML.xml,Party,
NSIDC,ISO,latest%20NSIDC%20ISO%20XML.xml,Party,
NSIDC,ISO,latest%20NSIDC%20ISO%20XML.xml,Party,
NSIDC,ISO,latest%20NSIDC%20ISO%20XML.xml,Party,
NSIDC,ISO,latest%20NSIDC%20ISO%20XML.xml,Party,
NSIDC,ISO,latest%20NSIDC%20ISO%20XML.xml,Party,
NSIDC,ISO,latest%20NSIDC%20ISO%20XML.xml,Party,
NSIDC,ISO,latest%20NSIDC%20ISO%20XML.xml,Party,
NSIDC,ISO,latest%20NSIDC%20ISO%20XML.xml,Party,
NSIDC,ISO,latest%20NSIDC%20ISO%20XML.xml,Party,
NSIDC,ISO,latest%20NSIDC%20ISO%20XML.xml,Party,
NSIDC,ISO,latest%20NSIDC%20ISO%20XML.xml,Party,
NSIDC,ISO,latest%20NSIDC%20ISO%20XML.xml,Party,
NSIDC,ISO,latest%20NSIDC%20ISO%20XML.xml,Party,
NSIDC,ISO,latest%20NSIDC%20ISO%20XML.xml,Party,
NSIDC,ISO,latest%20NSIDC%20ISO%20XML.xml,Party,
NSIDC,ISO,latest%20NSIDC%20ISO%20XML.xml,Party,
NSIDC,ISO,latest%20NSIDC%20ISO%20XML.xml,Party,
NSIDC,ISO,latest%20NSIDC%20ISO%20XML.xml,Party,
NSIDC,ISO,latest%20NSIDC%20ISO%20XML.xml,Party,
NSIDC,ISO,latest%20NSIDC%20ISO%20XML.xml,Party,
NSIDC,ISO,latest%20NSIDC%20ISO%20XML.xml,Party,
NSIDC,ISO,latest%20NSIDC%20ISO%20XML.xml,Party,
NSIDC,ISO,latest%20NSIDC%20ISO%20XML.xml,Party,
NSIDC,ISO,latest%20NSIDC%20ISO%20XML.xml,Party,
NSIDC,ISO,latest%20NSIDC%20ISO%20XML.xml,Party,
NSIDC,ISO,latest%20NSIDC%20ISO%20XML.xml,Party,
NSIDC,ISO,latest%20NSIDC%20ISO%20XML.xml,Party,
NSIDC,ISO,latest%20NSIDC%20ISO%20XML.xml,Party,
NSIDC,ISO,latest%20NSIDC%20ISO%20XML.xml,Party,
NSIDC,ISO,latest%20NSIDC%20ISO%20XML.xml,Party,
NSIDC,ISO,latest%20NSIDC%20ISO%20XML.xml,Party,
NSIDC,ISO,latest%20NSIDC%20ISO%20XML.xml,Party,
NSIDC,ISO,latest%20NSIDC%20ISO%20XML.xml,Party,
NSIDC,ISO,latest%20NSIDC%20ISO%20XML.xml,Party,
NSIDC,ISO,latest%20NSIDC%20ISO%20XML.xml,Party,
NSIDC,ISO,latest%20NSIDC%20ISO%20XML.xml,Party,
NSIDC,ISO,latest%20NSIDC%20ISO%20XML.xml,Party,
NSIDC,ISO,latest%20NSIDC%20ISO%20XML.xml,Party,
NSIDC,ISO,latest%20NSIDC%20ISO%20XML.xml,Party,
NSIDC,ISO,latest%20NSIDC%20ISO%20XML.xml,Party,
NSIDC,ISO,latest%20NSIDC%20ISO%20XML.xml,Party,
NSIDC,ISO,latest%20NSIDC%20ISO%20XML.xml,Party,
NSIDC,ISO,latest%20NSIDC%20ISO%20XML.xml,Party,
NSIDC,ISO,latest%20NSIDC%20ISO%20XML.xml,Party,
NSIDC,ISO,latest%20NSIDC%20ISO%20XML.xml,Party,
NSIDC,ISO,latest%20NSIDC%20ISO%20XML.xml,Party,
NSIDC,ISO,latest%20NSIDC%20ISO%20XML.xml,Party,
NSIDC,ISO,latest%20NSIDC%20ISO%20XML.xml,Party,
NSIDC,ISO,latest%20NSIDC%20ISO%20XML.xml,Party,
NSIDC,ISO,latest%20NSIDC%20ISO%20XML.xml,Party,
NSIDC,ISO,latest%20NSIDC%20ISO%20XML.xml,Party,
NSIDC,ISO,latest%20NSIDC%20ISO%20XML.xml,Party,
NSIDC,ISO,latest%20NSIDC%20ISO%20XML.xml,Party,
NSIDC,ISO,latest%20NSIDC%20ISO%20XML.xml,Party,
NSIDC,ISO,latest%20NSIDC%20ISO%20XML.xml,Party,
NSIDC,ISO,latest%20NSIDC%20ISO%20XML.xml,Party,
NSIDC,ISO,latest%20NSIDC%20ISO%20XML.xml,Party,
NSIDC,ISO,latest%20NSIDC%20ISO%20XML.xml,Party,
NSIDC,ISO,latest%20NSIDC%20ISO%20XML.xml,Party,
NSIDC,ISO,latest%20NSIDC%20ISO%20XML.xml,Party,
NSIDC,ISO,latest%20NSIDC%20ISO%20XML.xml,Party,
NSIDC,ISO,latest%20NSIDC%20ISO%20XML.xml,Party,
NSIDC,ISO,latest%20NSIDC%20ISO%20XML.xml,Party,
NSIDC,ISO,latest%20NSIDC%20ISO%20XML.xml,Party,
NSIDC,ISO,latest%20NSIDC%20ISO%20XML.xml,Party,
NSIDC,ISO,latest%20NSIDC%20ISO%20XML.xml,Party,
NSIDC,ISO,latest%20NSIDC%20ISO%20XML.xml,Party,
NSIDC,ISO,latest%20NSIDC%20ISO%20XML.xml,Party,
NSIDC,ISO,latest%20NSIDC%20ISO%20XML.xml,Party,
NSIDC,ISO,latest%20NSIDC%20ISO%20XML.xml,Party,
NSIDC,ISO,latest%20NSIDC%20ISO%20XML.xml,Party,
NSIDC,ISO,latest%20NSIDC%20ISO%20XML.xml,Party,
NSIDC,ISO,latest%20NSIDC%20ISO%20XML.xml,Party,
NSIDC,ISO,latest%20NSIDC%20ISO%20XML.xml,Party,
NSIDC,ISO,latest%20NSIDC%20ISO%20XML.xml,Party,
NSIDC,ISO,latest%20NSIDC%20ISO%20XML.xml,Party,
NSIDC,ISO,latest%20NSIDC%20ISO%20XML.xml,Party,
NSIDC,ISO,latest%20NSIDC%20ISO%20XML.xml,Party,
NSIDC,ISO,latest%20NSIDC%20ISO%20XML.xml,Party,
NSIDC,ISO,latest%20NSIDC%20ISO%20XML.xml,Party,
NSIDC,ISO,latest%20NSIDC%20ISO%20XML.xml,Party,
NSIDC,ISO,latest%20NSIDC%20ISO%20XML.xml,Party,
NSIDC,ISO,latest%20NSIDC%20ISO%20XML.xml,Party,
NSIDC,ISO,latest%20NSIDC%20ISO%20XML.xml,Party,
NSIDC,ISO,latest%20NSIDC%20ISO%20XML.xml,Party,
NSIDC,ISO,latest%20NSIDC%20ISO%20XML.xml,Party,
NSIDC,ISO,latest%20NSIDC%20ISO%20XML.xml,Party,
NSIDC,ISO,latest%20NSIDC%20ISO%20XML.xml,Party,
NSIDC,ISO,latest%20NSIDC%20ISO%20XML.xml,Party,
NSIDC,ISO,latest%20NSIDC%20ISO%20XML.xml,Party,
NSIDC,ISO,latest%20NSIDC%20ISO%20XML.xml,Party,
NSIDC,ISO,latest%20NSIDC%20ISO%20XML.xml,Party,
NSIDC,ISO,latest%20NSIDC%20ISO%20XML.xml,Party,
NSIDC,ISO,latest%20NSIDC%20ISO%20XML.xml,Party,
NSIDC,ISO,latest%20NSIDC%20ISO%20XML.xml,Party,
NSIDC,ISO,latest%20NSIDC%20ISO%20XML.xml,Party,
NSIDC,ISO,latest%20NSIDC%20ISO%20XML.xml,Party,
NSIDC,ISO,latest%20NSIDC%20ISO%20XML.xml,Party,
NSIDC,ISO,latest%20NSIDC%20ISO%20XML.xml,Party,
NSIDC,ISO,latest%20NSIDC%20ISO%20XML.xml,Party,
NSIDC,ISO,latest%20NSIDC%20ISO%20XML.xml,Party,
NSIDC,ISO,latest%20NSIDC%20ISO%20XML.xml,Party,
NSIDC,ISO,latest%20NSIDC%20ISO%20XML.xml,Party,
NSIDC,ISO,latest%20NSIDC%20ISO%20XML.xml,Party,
NSIDC,ISO,latest%20NSIDC%20ISO%20XML.xml,Party,
NSIDC,ISO,latest%20NSIDC%20ISO%20XML.xml,Party,
NSIDC,ISO,latest%20NSIDC%20ISO%20XML.xml,Party,
NSIDC,ISO,latest%20NSIDC%20ISO%20XML.xml,Party,
NSIDC,ISO,latest%20NSIDC%20ISO%20XML.xml,Party,
NSIDC,ISO,latest%20NSIDC%20ISO%20XML.xml,Party,
NSIDC,ISO,latest%20NSIDC%20ISO%20XML.xml,Party,
NSIDC,ISO,latest%20NSIDC%20ISO%20XML.xml,Party,
NSIDC,ISO,latest%20NSIDC%20ISO%20XML.xml,Party,
NSIDC,ISO,latest%20NSIDC%20ISO%20XML.xml,Party,
NSIDC,ISO,latest%20NSIDC%20ISO%20XML.xml,Party,
NSIDC,ISO,latest%20NSIDC%20ISO%20XML.xml,Party,
NSIDC,ISO,latest%20NSIDC%20ISO%20XML.xml,Party,
NSIDC,ISO,latest%20NSIDC%20ISO%20XML.xml,Party,
NSIDC,ISO,latest%20NSIDC%20ISO%20XML.xml,Party,
NSIDC,ISO,latest%20NSIDC%20ISO%20XML.xml,Phone,
NSIDC,ISO,latest%20NSIDC%20ISO%20XML.xml,Phone,
NSIDC,ISO,latest%20NSIDC%20ISO%20XML.xml,Phone,
NSIDC,ISO,latest%20NSIDC%20ISO%20XML.xml,Phone,
NSIDC,ISO,latest%20NSIDC%20ISO%20XML.xml,Phone,
NSIDC,ISO,latest%20NSIDC%20ISO%20XML.xml,Phone,
NSIDC,ISO,latest%20NSIDC%20ISO%20XML.xml,Phone,
NSIDC,ISO,latest%20NSIDC%20ISO%20XML.xml,Phone,
NSIDC,ISO,latest%20NSIDC%20ISO%20XML.xml,Phone,
NSIDC,ISO,latest%20NSIDC%20ISO%20XML.xml,Place Keyword,
NSIDC,ISO,latest%20NSIDC%20ISO%20XML.xml,Place Keyword Vocabulary,
NSIDC,ISO,latest%20NSIDC%20ISO%20XML.xml,Platform,
NSIDC,ISO,latest%20NSIDC%20ISO%20XML.xml,Platform,
NSIDC,ISO,latest%20NSIDC%20ISO%20XML.xml,Platform,
NSIDC,ISO,latest%20NSIDC%20ISO%20XML.xml,Platform,
NSIDC,ISO,latest%20NSIDC%20ISO%20XML.xml,Platform,
NSIDC,ISO,latest%20NSIDC%20ISO%20XML.xml,Platform,
NSIDC,ISO,latest%20NSIDC%20ISO%20XML.xml,Platform,
NSIDC,ISO,latest%20NSIDC%20ISO%20XML.xml,Platform,
NSIDC,ISO,latest%20NSIDC%20ISO%20XML.xml,Platform,
NSIDC,ISO,latest%20NSIDC%20ISO%20XML.xml,Platform,
NSIDC,ISO,latest%20NSIDC%20ISO%20XML.xml,Platform,
NSIDC,ISO,latest%20NSIDC%20ISO%20XML.xml,Platform,
NSIDC,ISO,latest%20NSIDC%20ISO%20XML.xml,Platform,
NSIDC,ISO,latest%20NSIDC%20ISO%20XML.xml,Platform,
NSIDC,ISO,latest%20NSIDC%20ISO%20XML.xml,Platform,
NSIDC,ISO,latest%20NSIDC%20ISO%20XML.xml,Platform,
NSIDC,ISO,latest%20NSIDC%20ISO%20XML.xml,Platform,
NSIDC,ISO,latest%20NSIDC%20ISO%20XML.xml,Platform,
NSIDC,ISO,latest%20NSIDC%20ISO%20XML.xml,Platform,
NSIDC,ISO,latest%20NSIDC%20ISO%20XML.xml,Platform Description,
NSIDC,ISO,latest%20NSIDC%20ISO%20XML.xml,Platform Keyword,
NSIDC,ISO,latest%20NSIDC%20ISO%20XML.xml,Platform Keyword,
NSIDC,ISO,latest%20NSIDC%20ISO%20XML.xml,Platform Keyword Vocabulary,
NSIDC,ISO,latest%20NSIDC%20ISO%20XML.xml,Platform Keyword Vocabulary,
NSIDC,ISO,latest%20NSIDC%20ISO%20XML.xml,Platform Long Name,
NSIDC,ISO,latest%20NSIDC%20ISO%20XML.xml,Platform Long Name,
NSIDC,ISO,latest%20NSIDC%20ISO%20XML.xml,Platform Short Name,
NSIDC,ISO,latest%20NSIDC%20ISO%20XML.xml,Platform Short Name,
NSIDC,ISO,latest%20NSIDC%20ISO%20XML.xml,Postal_Code,
NSIDC,ISO,latest%20NSIDC%20ISO%20XML.xml,Postal_Code,
NSIDC,ISO,latest%20NSIDC%20ISO%20XML.xml,Postal_Code,
NSIDC,ISO,latest%20NSIDC%20ISO%20XML.xml,Postal_Code,
NSIDC,ISO,latest%20NSIDC%20ISO%20XML.xml,Postal_Code,
NSIDC,ISO,latest%20NSIDC%20ISO%20XML.xml,Postal_Code,
NSIDC,ISO,latest%20NSIDC%20ISO%20XML.xml,Postal_Code,
NSIDC,ISO,latest%20NSIDC%20ISO%20XML.xml,Postal_Code,
NSIDC,ISO,latest%20NSIDC%20ISO%20XML.xml,Postal_Code,
NSIDC,ISO,latest%20NSIDC%20ISO%20XML.xml,Postal_Code,
NSIDC,ISO,latest%20NSIDC%20ISO%20XML.xml,Postal_Code,
NSIDC,ISO,latest%20NSIDC%20ISO%20XML.xml,Postal_Code,
NSIDC,ISO,latest%20NSIDC%20ISO%20XML.xml,Postal_Code,
NSIDC,ISO,latest%20NSIDC%20ISO%20XML.xml,Postal_Code,
NSIDC,ISO,latest%20NSIDC%20ISO%20XML.xml,Postal_Code,
NSIDC,ISO,latest%20NSIDC%20ISO%20XML.xml,Process Step Description,
NSIDC,ISO,latest%20NSIDC%20ISO%20XML.xml,Processor,
NSIDC,ISO,latest%20NSIDC%20ISO%20XML.xml,Product Link,
NSIDC,ISO,latest%20NSIDC%20ISO%20XML.xml,Product Link,
NSIDC,ISO,latest%20NSIDC%20ISO%20XML.xml,Project Keyword,
NSIDC,ISO,latest%20NSIDC%20ISO%20XML.xml,Project Name,
NSIDC,ISO,latest%20NSIDC%20ISO%20XML.xml,Project Website Link,
NSIDC,ISO,latest%20NSIDC%20ISO%20XML.xml,Province or State,
NSIDC,ISO,latest%20NSIDC%20ISO%20XML.xml,Province or State,
NSIDC,ISO,latest%20NSIDC%20ISO%20XML.xml,Province or State,
NSIDC,ISO,latest%20NSIDC%20ISO%20XML.xml,Province or State,
NSIDC,ISO,latest%20NSIDC%20ISO%20XML.xml,Province or State,
NSIDC,ISO,latest%20NSIDC%20ISO%20XML.xml,Province or State,
NSIDC,ISO,latest%20NSIDC%20ISO%20XML.xml,Province or State,
NSIDC,ISO,latest%20NSIDC%20ISO%20XML.xml,Province or State,
NSIDC,ISO,latest%20NSIDC%20ISO%20XML.xml,Province or State,
NSIDC,ISO,latest%20NSIDC%20ISO%20XML.xml,Province or State,
NSIDC,ISO,latest%20NSIDC%20ISO%20XML.xml,Province or State,
NSIDC,ISO,latest%20NSIDC%20ISO%20XML.xml,Province or State,
NSIDC,ISO,latest%20NSIDC%20ISO%20XML.xml,Province or State,
NSIDC,ISO,latest%20NSIDC%20ISO%20XML.xml,Province or State,
NSIDC,ISO,latest%20NSIDC%20ISO%20XML.xml,Province or State,
NSIDC,ISO,latest%20NSIDC%20ISO%20XML.xml,Province or State,
NSIDC,ISO,latest%20NSIDC%20ISO%20XML.xml,Publication Date,
NSIDC,ISO,latest%20NSIDC%20ISO%20XML.xml,Publication Information,
NSIDC,ISO,latest%20NSIDC%20ISO%20XML.xml,Publication Information,
NSIDC,ISO,latest%20NSIDC%20ISO%20XML.xml,Publication Information,
NSIDC,ISO,latest%20NSIDC%20ISO%20XML.xml,Publication Information,
NSIDC,ISO,latest%20NSIDC%20ISO%20XML.xml,Publication Information,
NSIDC,ISO,latest%20NSIDC%20ISO%20XML.xml,Publication Information,
NSIDC,ISO,latest%20NSIDC%20ISO%20XML.xml,Publication Information,
NSIDC,ISO,latest%20NSIDC%20ISO%20XML.xml,Publication Information,
NSIDC,ISO,latest%20NSIDC%20ISO%20XML.xml,Publication Information,
NSIDC,ISO,latest%20NSIDC%20ISO%20XML.xml,Publication Information,
NSIDC,ISO,latest%20NSIDC%20ISO%20XML.xml,Publication Information,
NSIDC,ISO,latest%20NSIDC%20ISO%20XML.xml,Publication Information,
NSIDC,ISO,latest%20NSIDC%20ISO%20XML.xml,Publication Information,
NSIDC,ISO,latest%20NSIDC%20ISO%20XML.xml,Publication Information,
NSIDC,ISO,latest%20NSIDC%20ISO%20XML.xml,Publication Information,
NSIDC,ISO,latest%20NSIDC%20ISO%20XML.xml,Publication Information,
NSIDC,ISO,latest%20NSIDC%20ISO%20XML.xml,Publication Information,
NSIDC,ISO,latest%20NSIDC%20ISO%20XML.xml,Publication Information,
NSIDC,ISO,latest%20NSIDC%20ISO%20XML.xml,Publication Information,
NSIDC,ISO,latest%20NSIDC%20ISO%20XML.xml,Publication Information,
NSIDC,ISO,latest%20NSIDC%20ISO%20XML.xml,Publication Information,
NSIDC,ISO,latest%20NSIDC%20ISO%20XML.xml,Publication Information,
NSIDC,ISO,latest%20NSIDC%20ISO%20XML.xml,Publication Information,
NSIDC,ISO,latest%20NSIDC%20ISO%20XML.xml,Publication Information,
NSIDC,ISO,latest%20NSIDC%20ISO%20XML.xml,Publication Information,
NSIDC,ISO,latest%20NSIDC%20ISO%20XML.xml,Publication Information,
NSIDC,ISO,latest%20NSIDC%20ISO%20XML.xml,Publication Information,
NSIDC,ISO,latest%20NSIDC%20ISO%20XML.xml,Publication Information,
NSIDC,ISO,latest%20NSIDC%20ISO%20XML.xml,Publication Information,
NSIDC,ISO,latest%20NSIDC%20ISO%20XML.xml,Publication Information,
NSIDC,ISO,latest%20NSIDC%20ISO%20XML.xml,Publication Information,
NSIDC,ISO,latest%20NSIDC%20ISO%20XML.xml,Publication Information,
NSIDC,ISO,latest%20NSIDC%20ISO%20XML.xml,Publication Information,
NSIDC,ISO,latest%20NSIDC%20ISO%20XML.xml,Publication Information,
NSIDC,ISO,latest%20NSIDC%20ISO%20XML.xml,Publication Information,
NSIDC,ISO,latest%20NSIDC%20ISO%20XML.xml,Publication Information,
NSIDC,ISO,latest%20NSIDC%20ISO%20XML.xml,Publication Information,
NSIDC,ISO,latest%20NSIDC%20ISO%20XML.xml,Publication Information,
NSIDC,ISO,latest%20NSIDC%20ISO%20XML.xml,Publication Information,
NSIDC,ISO,latest%20NSIDC%20ISO%20XML.xml,Publication Information,
NSIDC,ISO,latest%20NSIDC%20ISO%20XML.xml,Publication Information,
NSIDC,ISO,latest%20NSIDC%20ISO%20XML.xml,Publication Information,
NSIDC,ISO,latest%20NSIDC%20ISO%20XML.xml,Publication Information,
NSIDC,ISO,latest%20NSIDC%20ISO%20XML.xml,Publication Information,
NSIDC,ISO,latest%20NSIDC%20ISO%20XML.xml,Publication Information,
NSIDC,ISO,latest%20NSIDC%20ISO%20XML.xml,Publication Information,
NSIDC,ISO,latest%20NSIDC%20ISO%20XML.xml,Publication Information,
NSIDC,ISO,latest%20NSIDC%20ISO%20XML.xml,Publication Information,
NSIDC,ISO,latest%20NSIDC%20ISO%20XML.xml,Publication Information,
NSIDC,ISO,latest%20NSIDC%20ISO%20XML.xml,Publication Information,
NSIDC,ISO,latest%20NSIDC%20ISO%20XML.xml,Publication Information,
NSIDC,ISO,latest%20NSIDC%20ISO%20XML.xml,Publication Information,
NSIDC,ISO,latest%20NSIDC%20ISO%20XML.xml,Publication Information,
NSIDC,ISO,latest%20NSIDC%20ISO%20XML.xml,Publication Information,
NSIDC,ISO,latest%20NSIDC%20ISO%20XML.xml,Publication Information,
NSIDC,ISO,latest%20NSIDC%20ISO%20XML.xml,Publication Information,
NSIDC,ISO,latest%20NSIDC%20ISO%20XML.xml,Publication Information,
NSIDC,ISO,latest%20NSIDC%20ISO%20XML.xml,Publication Information,
NSIDC,ISO,latest%20NSIDC%20ISO%20XML.xml,Publication Information,
NSIDC,ISO,latest%20NSIDC%20ISO%20XML.xml,Publication Information,
NSIDC,ISO,latest%20NSIDC%20ISO%20XML.xml,Publication Information,
NSIDC,ISO,latest%20NSIDC%20ISO%20XML.xml,Publication Information,
NSIDC,ISO,latest%20NSIDC%20ISO%20XML.xml,Publication Information,
NSIDC,ISO,latest%20NSIDC%20ISO%20XML.xml,Publication Information,
NSIDC,ISO,latest%20NSIDC%20ISO%20XML.xml,Publication Information,
NSIDC,ISO,latest%20NSIDC%20ISO%20XML.xml,Publication Information,
NSIDC,ISO,latest%20NSIDC%20ISO%20XML.xml,Publication Information,
NSIDC,ISO,latest%20NSIDC%20ISO%20XML.xml,Publication Information,
NSIDC,ISO,latest%20NSIDC%20ISO%20XML.xml,Publication Information,
NSIDC,ISO,latest%20NSIDC%20ISO%20XML.xml,Publication Information,
NSIDC,ISO,latest%20NSIDC%20ISO%20XML.xml,Publication Information,
NSIDC,ISO,latest%20NSIDC%20ISO%20XML.xml,Publication Information,
NSIDC,ISO,latest%20NSIDC%20ISO%20XML.xml,Publication Information,
NSIDC,ISO,latest%20NSIDC%20ISO%20XML.xml,Publication Information,
NSIDC,ISO,latest%20NSIDC%20ISO%20XML.xml,Publication Information,
NSIDC,ISO,latest%20NSIDC%20ISO%20XML.xml,Publication Information,
NSIDC,ISO,latest%20NSIDC%20ISO%20XML.xml,Publication Information,
NSIDC,ISO,latest%20NSIDC%20ISO%20XML.xml,Publication Information,
NSIDC,ISO,latest%20NSIDC%20ISO%20XML.xml,Publication Information,
NSIDC,ISO,latest%20NSIDC%20ISO%20XML.xml,Publication Information,
NSIDC,ISO,latest%20NSIDC%20ISO%20XML.xml,Publication Information,
NSIDC,ISO,latest%20NSIDC%20ISO%20XML.xml,Publication Information,
NSIDC,ISO,latest%20NSIDC%20ISO%20XML.xml,Publication Information,
NSIDC,ISO,latest%20NSIDC%20ISO%20XML.xml,Publication Information,
NSIDC,ISO,latest%20NSIDC%20ISO%20XML.xml,Publication Information,
NSIDC,ISO,latest%20NSIDC%20ISO%20XML.xml,Publication Information,
NSIDC,ISO,latest%20NSIDC%20ISO%20XML.xml,Publication Information,
NSIDC,ISO,latest%20NSIDC%20ISO%20XML.xml,Publication Information,
NSIDC,ISO,latest%20NSIDC%20ISO%20XML.xml,Publication Information,
NSIDC,ISO,latest%20NSIDC%20ISO%20XML.xml,Publication Information,
NSIDC,ISO,latest%20NSIDC%20ISO%20XML.xml,Publication Information,
NSIDC,ISO,latest%20NSIDC%20ISO%20XML.xml,Publication Information,
NSIDC,ISO,latest%20NSIDC%20ISO%20XML.xml,Publication Information,
NSIDC,ISO,latest%20NSIDC%20ISO%20XML.xml,Publication Information,
NSIDC,ISO,latest%20NSIDC%20ISO%20XML.xml,Publication Information,
NSIDC,ISO,latest%20NSIDC%20ISO%20XML.xml,Publication Information,
NSIDC,ISO,latest%20NSIDC%20ISO%20XML.xml,Publication Information,
NSIDC,ISO,latest%20NSIDC%20ISO%20XML.xml,Publication Information,
NSIDC,ISO,latest%20NSIDC%20ISO%20XML.xml,Publication Information,
NSIDC,ISO,latest%20NSIDC%20ISO%20XML.xml,Publication Information,
NSIDC,ISO,latest%20NSIDC%20ISO%20XML.xml,Publication Information,
NSIDC,ISO,latest%20NSIDC%20ISO%20XML.xml,Publication Information,
NSIDC,ISO,latest%20NSIDC%20ISO%20XML.xml,Publication Information,
NSIDC,ISO,latest%20NSIDC%20ISO%20XML.xml,Publication Information,
NSIDC,ISO,latest%20NSIDC%20ISO%20XML.xml,Publication Information,
NSIDC,ISO,latest%20NSIDC%20ISO%20XML.xml,Publication Information,
NSIDC,ISO,latest%20NSIDC%20ISO%20XML.xml,Publication Information,
NSIDC,ISO,latest%20NSIDC%20ISO%20XML.xml,Publication Information,
NSIDC,ISO,latest%20NSIDC%20ISO%20XML.xml,Publication Information,
NSIDC,ISO,latest%20NSIDC%20ISO%20XML.xml,Publication Information,
NSIDC,ISO,latest%20NSIDC%20ISO%20XML.xml,Publication Information,
NSIDC,ISO,latest%20NSIDC%20ISO%20XML.xml,Publication Information,
NSIDC,ISO,latest%20NSIDC%20ISO%20XML.xml,Publication Information,
NSIDC,ISO,latest%20NSIDC%20ISO%20XML.xml,Publication Information,
NSIDC,ISO,latest%20NSIDC%20ISO%20XML.xml,Publication Information,
NSIDC,ISO,latest%20NSIDC%20ISO%20XML.xml,Publication Information,
NSIDC,ISO,latest%20NSIDC%20ISO%20XML.xml,Publication Information,
NSIDC,ISO,latest%20NSIDC%20ISO%20XML.xml,Publication Information,
NSIDC,ISO,latest%20NSIDC%20ISO%20XML.xml,Publication Information,
NSIDC,ISO,latest%20NSIDC%20ISO%20XML.xml,Publication Information,
NSIDC,ISO,latest%20NSIDC%20ISO%20XML.xml,Publication Information,
NSIDC,ISO,latest%20NSIDC%20ISO%20XML.xml,Publication Information,
NSIDC,ISO,latest%20NSIDC%20ISO%20XML.xml,Publication Information,
NSIDC,ISO,latest%20NSIDC%20ISO%20XML.xml,Publication Information,
NSIDC,ISO,latest%20NSIDC%20ISO%20XML.xml,Publication Information,
NSIDC,ISO,latest%20NSIDC%20ISO%20XML.xml,Publication Information,
NSIDC,ISO,latest%20NSIDC%20ISO%20XML.xml,Publication Information,
NSIDC,ISO,latest%20NSIDC%20ISO%20XML.xml,Publication Information,
NSIDC,ISO,latest%20NSIDC%20ISO%20XML.xml,Publication Information,
NSIDC,ISO,latest%20NSIDC%20ISO%20XML.xml,Publication Information,
NSIDC,ISO,latest%20NSIDC%20ISO%20XML.xml,Publication Information,
NSIDC,ISO,latest%20NSIDC%20ISO%20XML.xml,Publication Information,
NSIDC,ISO,latest%20NSIDC%20ISO%20XML.xml,Publication Information,
NSIDC,ISO,latest%20NSIDC%20ISO%20XML.xml,Publication Information,
NSIDC,ISO,latest%20NSIDC%20ISO%20XML.xml,Publication Information,
NSIDC,ISO,latest%20NSIDC%20ISO%20XML.xml,Publication Information,
NSIDC,ISO,latest%20NSIDC%20ISO%20XML.xml,Publication Information,
NSIDC,ISO,latest%20NSIDC%20ISO%20XML.xml,Publication Information,
NSIDC,ISO,latest%20NSIDC%20ISO%20XML.xml,Publication Information,
NSIDC,ISO,latest%20NSIDC%20ISO%20XML.xml,Publication Information,
NSIDC,ISO,latest%20NSIDC%20ISO%20XML.xml,Publication Information,
NSIDC,ISO,latest%20NSIDC%20ISO%20XML.xml,Publication Information,
NSIDC,ISO,latest%20NSIDC%20ISO%20XML.xml,Publication Information,
NSIDC,ISO,latest%20NSIDC%20ISO%20XML.xml,Publication Information,
NSIDC,ISO,latest%20NSIDC%20ISO%20XML.xml,Publication Information,
NSIDC,ISO,latest%20NSIDC%20ISO%20XML.xml,Publication Information,
NSIDC,ISO,latest%20NSIDC%20ISO%20XML.xml,Publication Information,
NSIDC,ISO,latest%20NSIDC%20ISO%20XML.xml,Publication Information,
NSIDC,ISO,latest%20NSIDC%20ISO%20XML.xml,Publication Information,
NSIDC,ISO,latest%20NSIDC%20ISO%20XML.xml,Publication Information,
NSIDC,ISO,latest%20NSIDC%20ISO%20XML.xml,Publication Information,
NSIDC,ISO,latest%20NSIDC%20ISO%20XML.xml,Publication Information,
NSIDC,ISO,latest%20NSIDC%20ISO%20XML.xml,Publication Information,
NSIDC,ISO,latest%20NSIDC%20ISO%20XML.xml,Publication Information,
NSIDC,ISO,latest%20NSIDC%20ISO%20XML.xml,Publication Information,
NSIDC,ISO,latest%20NSIDC%20ISO%20XML.xml,Publication Information,
NSIDC,ISO,latest%20NSIDC%20ISO%20XML.xml,Publication Information,
NSIDC,ISO,latest%20NSIDC%20ISO%20XML.xml,Publication Information,
NSIDC,ISO,latest%20NSIDC%20ISO%20XML.xml,Publication Information,
NSIDC,ISO,latest%20NSIDC%20ISO%20XML.xml,Publication Information,
NSIDC,ISO,latest%20NSIDC%20ISO%20XML.xml,Publication Information,
NSIDC,ISO,latest%20NSIDC%20ISO%20XML.xml,Publication Information,
NSIDC,ISO,latest%20NSIDC%20ISO%20XML.xml,Publication Information,
NSIDC,ISO,latest%20NSIDC%20ISO%20XML.xml,Publication Information,
NSIDC,ISO,latest%20NSIDC%20ISO%20XML.xml,Publication Information,
NSIDC,ISO,latest%20NSIDC%20ISO%20XML.xml,Publication Information,
NSIDC,ISO,latest%20NSIDC%20ISO%20XML.xml,Publication Information,
NSIDC,ISO,latest%20NSIDC%20ISO%20XML.xml,Publication Information,
NSIDC,ISO,latest%20NSIDC%20ISO%20XML.xml,Publication Information,
NSIDC,ISO,latest%20NSIDC%20ISO%20XML.xml,Publication Information,
NSIDC,ISO,latest%20NSIDC%20ISO%20XML.xml,Publication Information,
NSIDC,ISO,latest%20NSIDC%20ISO%20XML.xml,Publication Information,
NSIDC,ISO,latest%20NSIDC%20ISO%20XML.xml,Publication Information,
NSIDC,ISO,latest%20NSIDC%20ISO%20XML.xml,Publication Information,
NSIDC,ISO,latest%20NSIDC%20ISO%20XML.xml,Publication Information,
NSIDC,ISO,latest%20NSIDC%20ISO%20XML.xml,Publication Information,
NSIDC,ISO,latest%20NSIDC%20ISO%20XML.xml,Publication Information,
NSIDC,ISO,latest%20NSIDC%20ISO%20XML.xml,Publication Information,
NSIDC,ISO,latest%20NSIDC%20ISO%20XML.xml,Publication Information,
NSIDC,ISO,latest%20NSIDC%20ISO%20XML.xml,Publication Information,
NSIDC,ISO,latest%20NSIDC%20ISO%20XML.xml,Publication Information,
NSIDC,ISO,latest%20NSIDC%20ISO%20XML.xml,Publication Information,
NSIDC,ISO,latest%20NSIDC%20ISO%20XML.xml,Publication Information,
NSIDC,ISO,latest%20NSIDC%20ISO%20XML.xml,Publication Information,
NSIDC,ISO,latest%20NSIDC%20ISO%20XML.xml,Publication Information,
NSIDC,ISO,latest%20NSIDC%20ISO%20XML.xml,Publication Information,
NSIDC,ISO,latest%20NSIDC%20ISO%20XML.xml,Publication Information,
NSIDC,ISO,latest%20NSIDC%20ISO%20XML.xml,Publication Information,
NSIDC,ISO,latest%20NSIDC%20ISO%20XML.xml,Publication Information,
NSIDC,ISO,latest%20NSIDC%20ISO%20XML.xml,Publication Information,
NSIDC,ISO,latest%20NSIDC%20ISO%20XML.xml,Publication Information,
NSIDC,ISO,latest%20NSIDC%20ISO%20XML.xml,Publication Information,
NSIDC,ISO,latest%20NSIDC%20ISO%20XML.xml,Publication Information,
NSIDC,ISO,latest%20NSIDC%20ISO%20XML.xml,Publication Information,
NSIDC,ISO,latest%20NSIDC%20ISO%20XML.xml,Publication Information,
NSIDC,ISO,latest%20NSIDC%20ISO%20XML.xml,Publication Information,
NSIDC,ISO,latest%20NSIDC%20ISO%20XML.xml,Publication Information,
NSIDC,ISO,latest%20NSIDC%20ISO%20XML.xml,Publication Information,
NSIDC,ISO,latest%20NSIDC%20ISO%20XML.xml,Publication Information,
NSIDC,ISO,latest%20NSIDC%20ISO%20XML.xml,Publication Information,
NSIDC,ISO,latest%20NSIDC%20ISO%20XML.xml,Publication Information,
NSIDC,ISO,latest%20NSIDC%20ISO%20XML.xml,Publication Information,
NSIDC,ISO,latest%20NSIDC%20ISO%20XML.xml,Publication Information,
NSIDC,ISO,latest%20NSIDC%20ISO%20XML.xml,Publication Information,
NSIDC,ISO,latest%20NSIDC%20ISO%20XML.xml,Publication Information,
NSIDC,ISO,latest%20NSIDC%20ISO%20XML.xml,Publication Information,
NSIDC,ISO,latest%20NSIDC%20ISO%20XML.xml,Publisher,
NSIDC,ISO,latest%20NSIDC%20ISO%20XML.xml,Publisher Location,
NSIDC,ISO,latest%20NSIDC%20ISO%20XML.xml,Publisher URL,
NSIDC,ISO,latest%20NSIDC%20ISO%20XML.xml,Purpose,
NSIDC,ISO,latest%20NSIDC%20ISO%20XML.xml,Related Resource Identifier,
NSIDC,ISO,latest%20NSIDC%20ISO%20XML.xml,Related Resource Identifier,
NSIDC,ISO,latest%20NSIDC%20ISO%20XML.xml,Related Resource Identifier,
NSIDC,ISO,latest%20NSIDC%20ISO%20XML.xml,Related URL,
NSIDC,ISO,latest%20NSIDC%20ISO%20XML.xml,Related URL,
NSIDC,ISO,latest%20NSIDC%20ISO%20XML.xml,Related URL,
NSIDC,ISO,latest%20NSIDC%20ISO%20XML.xml,Resource Access Constraints,
NSIDC,ISO,latest%20NSIDC%20ISO%20XML.xml,Resource Access Constraints,
NSIDC,ISO,latest%20NSIDC%20ISO%20XML.xml,Resource Access Constraints,
NSIDC,ISO,latest%20NSIDC%20ISO%20XML.xml,Resource Contact,
NSIDC,ISO,latest%20NSIDC%20ISO%20XML.xml,Resource Contact,
NSIDC,ISO,latest%20NSIDC%20ISO%20XML.xml,Resource Contact,
NSIDC,ISO,latest%20NSIDC%20ISO%20XML.xml,Resource Contact,
NSIDC,ISO,latest%20NSIDC%20ISO%20XML.xml,Resource Contact,
NSIDC,ISO,latest%20NSIDC%20ISO%20XML.xml,Resource Contact,
NSIDC,ISO,latest%20NSIDC%20ISO%20XML.xml,Resource Contact,
NSIDC,ISO,latest%20NSIDC%20ISO%20XML.xml,Resource Creation/Revision Date,
NSIDC,ISO,latest%20NSIDC%20ISO%20XML.xml,Resource Identifier,
NSIDC,ISO,latest%20NSIDC%20ISO%20XML.xml,Resource Identifier,
NSIDC,ISO,latest%20NSIDC%20ISO%20XML.xml,Resource Language,
NSIDC,ISO,latest%20NSIDC%20ISO%20XML.xml,Resource Lineage,
NSIDC,ISO,latest%20NSIDC%20ISO%20XML.xml,Resource Long Name,
NSIDC,ISO,latest%20NSIDC%20ISO%20XML.xml,Resource Revision Date,
NSIDC,ISO,latest%20NSIDC%20ISO%20XML.xml,Resource Revision Date,
NSIDC,ISO,latest%20NSIDC%20ISO%20XML.xml,Resource Revision Date,
NSIDC,ISO,latest%20NSIDC%20ISO%20XML.xml,Resource Revision Date,
NSIDC,ISO,latest%20NSIDC%20ISO%20XML.xml,Resource Revision Date,
NSIDC,ISO,latest%20NSIDC%20ISO%20XML.xml,Resource Status,
NSIDC,ISO,latest%20NSIDC%20ISO%20XML.xml,Resource Title,
NSIDC,ISO,latest%20NSIDC%20ISO%20XML.xml,Resource Type,
NSIDC,ISO,latest%20NSIDC%20ISO%20XML.xml,Resource Update Frequency,
NSIDC,ISO,latest%20NSIDC%20ISO%20XML.xml,Resource Use Constraints,
NSIDC,ISO,latest%20NSIDC%20ISO%20XML.xml,Resource Use Constraints,
NSIDC,ISO,latest%20NSIDC%20ISO%20XML.xml,Resource Version,
NSIDC,ISO,latest%20NSIDC%20ISO%20XML.xml,Resource on-line Link,
NSIDC,ISO,latest%20NSIDC%20ISO%20XML.xml,Resource on-line Link,
NSIDC,ISO,latest%20NSIDC%20ISO%20XML.xml,Resource on-line Link,
NSIDC,ISO,latest%20NSIDC%20ISO%20XML.xml,Resource on-line Link,
NSIDC,ISO,latest%20NSIDC%20ISO%20XML.xml,Resource on-line Link,
NSIDC,ISO,latest%20NSIDC%20ISO%20XML.xml,Resource on-line Link,
NSIDC,ISO,latest%20NSIDC%20ISO%20XML.xml,Resource on-line Link,
NSIDC,ISO,latest%20NSIDC%20ISO%20XML.xml,Resource on-line Link,
NSIDC,ISO,latest%20NSIDC%20ISO%20XML.xml,Resource on-line Link,
NSIDC,ISO,latest%20NSIDC%20ISO%20XML.xml,Responsibility,
NSIDC,ISO,latest%20NSIDC%20ISO%20XML.xml,Responsibility,
NSIDC,ISO,latest%20NSIDC%20ISO%20XML.xml,Responsibility,
NSIDC,ISO,latest%20NSIDC%20ISO%20XML.xml,Responsibility,
NSIDC,ISO,latest%20NSIDC%20ISO%20XML.xml,Responsibility,
NSIDC,ISO,latest%20NSIDC%20ISO%20XML.xml,Responsibility,
NSIDC,ISO,latest%20NSIDC%20ISO%20XML.xml,Responsibility,
NSIDC,ISO,latest%20NSIDC%20ISO%20XML.xml,Responsibility,
NSIDC,ISO,latest%20NSIDC%20ISO%20XML.xml,Responsibility,
NSIDC,ISO,latest%20NSIDC%20ISO%20XML.xml,Responsibility,
NSIDC,ISO,latest%20NSIDC%20ISO%20XML.xml,Responsibility,
NSIDC,ISO,latest%20NSIDC%20ISO%20XML.xml,Responsibility,
NSIDC,ISO,latest%20NSIDC%20ISO%20XML.xml,Responsibility,
NSIDC,ISO,latest%20NSIDC%20ISO%20XML.xml,Responsibility,
NSIDC,ISO,latest%20NSIDC%20ISO%20XML.xml,Responsibility,
NSIDC,ISO,latest%20NSIDC%20ISO%20XML.xml,Responsibility,
NSIDC,ISO,latest%20NSIDC%20ISO%20XML.xml,Responsibility,
NSIDC,ISO,latest%20NSIDC%20ISO%20XML.xml,Responsibility,
NSIDC,ISO,latest%20NSIDC%20ISO%20XML.xml,Responsibility,
NSIDC,ISO,latest%20NSIDC%20ISO%20XML.xml,Responsibility,
NSIDC,ISO,latest%20NSIDC%20ISO%20XML.xml,Responsibility,
NSIDC,ISO,latest%20NSIDC%20ISO%20XML.xml,Responsibility,
NSIDC,ISO,latest%20NSIDC%20ISO%20XML.xml,Responsibility,
NSIDC,ISO,latest%20NSIDC%20ISO%20XML.xml,Responsibility,
NSIDC,ISO,latest%20NSIDC%20ISO%20XML.xml,Responsibility,
NSIDC,ISO,latest%20NSIDC%20ISO%20XML.xml,Responsibility,
NSIDC,ISO,latest%20NSIDC%20ISO%20XML.xml,Responsibility,
NSIDC,ISO,latest%20NSIDC%20ISO%20XML.xml,Responsibility,
NSIDC,ISO,latest%20NSIDC%20ISO%20XML.xml,Responsibility,
NSIDC,ISO,latest%20NSIDC%20ISO%20XML.xml,Responsibility,
NSIDC,ISO,latest%20NSIDC%20ISO%20XML.xml,Responsibility,
NSIDC,ISO,latest%20NSIDC%20ISO%20XML.xml,Responsibility,
NSIDC,ISO,latest%20NSIDC%20ISO%20XML.xml,Responsibility,
NSIDC,ISO,latest%20NSIDC%20ISO%20XML.xml,Responsibility,
NSIDC,ISO,latest%20NSIDC%20ISO%20XML.xml,Responsibility,
NSIDC,ISO,latest%20NSIDC%20ISO%20XML.xml,Responsibility,
NSIDC,ISO,latest%20NSIDC%20ISO%20XML.xml,Responsibility,
NSIDC,ISO,latest%20NSIDC%20ISO%20XML.xml,Responsibility,
NSIDC,ISO,latest%20NSIDC%20ISO%20XML.xml,Responsibility,
NSIDC,ISO,latest%20NSIDC%20ISO%20XML.xml,Responsibility,
NSIDC,ISO,latest%20NSIDC%20ISO%20XML.xml,Responsibility,
NSIDC,ISO,latest%20NSIDC%20ISO%20XML.xml,Responsibility,
NSIDC,ISO,latest%20NSIDC%20ISO%20XML.xml,Responsibility,
NSIDC,ISO,latest%20NSIDC%20ISO%20XML.xml,Responsibility,
NSIDC,ISO,latest%20NSIDC%20ISO%20XML.xml,Responsibility,
NSIDC,ISO,latest%20NSIDC%20ISO%20XML.xml,Responsibility,
NSIDC,ISO,latest%20NSIDC%20ISO%20XML.xml,Responsibility,
NSIDC,ISO,latest%20NSIDC%20ISO%20XML.xml,Responsibility,
NSIDC,ISO,latest%20NSIDC%20ISO%20XML.xml,Responsibility,
NSIDC,ISO,latest%20NSIDC%20ISO%20XML.xml,Responsibility,
NSIDC,ISO,latest%20NSIDC%20ISO%20XML.xml,Responsibility,
NSIDC,ISO,latest%20NSIDC%20ISO%20XML.xml,Responsibility,
NSIDC,ISO,latest%20NSIDC%20ISO%20XML.xml,Responsibility,
NSIDC,ISO,latest%20NSIDC%20ISO%20XML.xml,Responsibility,
NSIDC,ISO,latest%20NSIDC%20ISO%20XML.xml,Responsibility,
NSIDC,ISO,latest%20NSIDC%20ISO%20XML.xml,Responsibility,
NSIDC,ISO,latest%20NSIDC%20ISO%20XML.xml,Responsibility,
NSIDC,ISO,latest%20NSIDC%20ISO%20XML.xml,Responsibility,
NSIDC,ISO,latest%20NSIDC%20ISO%20XML.xml,Responsibility,
NSIDC,ISO,latest%20NSIDC%20ISO%20XML.xml,Responsibility,
NSIDC,ISO,latest%20NSIDC%20ISO%20XML.xml,Responsibility,
NSIDC,ISO,latest%20NSIDC%20ISO%20XML.xml,Responsibility,
NSIDC,ISO,latest%20NSIDC%20ISO%20XML.xml,Responsibility,
NSIDC,ISO,latest%20NSIDC%20ISO%20XML.xml,Responsibility,
NSIDC,ISO,latest%20NSIDC%20ISO%20XML.xml,Responsibility,
NSIDC,ISO,latest%20NSIDC%20ISO%20XML.xml,Responsibility,
NSIDC,ISO,latest%20NSIDC%20ISO%20XML.xml,Responsibility,
NSIDC,ISO,latest%20NSIDC%20ISO%20XML.xml,Responsibility,
NSIDC,ISO,latest%20NSIDC%20ISO%20XML.xml,Responsibility,
NSIDC,ISO,latest%20NSIDC%20ISO%20XML.xml,Responsibility,
NSIDC,ISO,latest%20NSIDC%20ISO%20XML.xml,Responsibility,
NSIDC,ISO,latest%20NSIDC%20ISO%20XML.xml,Responsibility,
NSIDC,ISO,latest%20NSIDC%20ISO%20XML.xml,Responsibility,
NSIDC,ISO,latest%20NSIDC%20ISO%20XML.xml,Responsibility,
NSIDC,ISO,latest%20NSIDC%20ISO%20XML.xml,Responsibility,
NSIDC,ISO,latest%20NSIDC%20ISO%20XML.xml,Responsibility,
NSIDC,ISO,latest%20NSIDC%20ISO%20XML.xml,Responsibility,
NSIDC,ISO,latest%20NSIDC%20ISO%20XML.xml,Responsibility,
NSIDC,ISO,latest%20NSIDC%20ISO%20XML.xml,Responsibility,
NSIDC,ISO,latest%20NSIDC%20ISO%20XML.xml,Responsibility,
NSIDC,ISO,latest%20NSIDC%20ISO%20XML.xml,Responsibility,
NSIDC,ISO,latest%20NSIDC%20ISO%20XML.xml,Responsibility,
NSIDC,ISO,latest%20NSIDC%20ISO%20XML.xml,Responsibility,
NSIDC,ISO,latest%20NSIDC%20ISO%20XML.xml,Responsibility,
NSIDC,ISO,latest%20NSIDC%20ISO%20XML.xml,Responsibility,
NSIDC,ISO,latest%20NSIDC%20ISO%20XML.xml,Responsibility,
NSIDC,ISO,latest%20NSIDC%20ISO%20XML.xml,Responsibility,
NSIDC,ISO,latest%20NSIDC%20ISO%20XML.xml,Responsibility,
NSIDC,ISO,latest%20NSIDC%20ISO%20XML.xml,Responsibility,
NSIDC,ISO,latest%20NSIDC%20ISO%20XML.xml,Responsibility,
NSIDC,ISO,latest%20NSIDC%20ISO%20XML.xml,Responsibility,
NSIDC,ISO,latest%20NSIDC%20ISO%20XML.xml,Responsibility,
NSIDC,ISO,latest%20NSIDC%20ISO%20XML.xml,Responsibility,
NSIDC,ISO,latest%20NSIDC%20ISO%20XML.xml,Responsibility,
NSIDC,ISO,latest%20NSIDC%20ISO%20XML.xml,Responsibility,
NSIDC,ISO,latest%20NSIDC%20ISO%20XML.xml,Responsibility,
NSIDC,ISO,latest%20NSIDC%20ISO%20XML.xml,Responsibility,
NSIDC,ISO,latest%20NSIDC%20ISO%20XML.xml,Responsibility,
NSIDC,ISO,latest%20NSIDC%20ISO%20XML.xml,Responsibility,
NSIDC,ISO,latest%20NSIDC%20ISO%20XML.xml,Responsibility,
NSIDC,ISO,latest%20NSIDC%20ISO%20XML.xml,Responsibility,
NSIDC,ISO,latest%20NSIDC%20ISO%20XML.xml,Responsibility,
NSIDC,ISO,latest%20NSIDC%20ISO%20XML.xml,Responsibility,
NSIDC,ISO,latest%20NSIDC%20ISO%20XML.xml,Responsibility,
NSIDC,ISO,latest%20NSIDC%20ISO%20XML.xml,Responsibility,
NSIDC,ISO,latest%20NSIDC%20ISO%20XML.xml,Responsibility,
NSIDC,ISO,latest%20NSIDC%20ISO%20XML.xml,Responsibility,
NSIDC,ISO,latest%20NSIDC%20ISO%20XML.xml,Responsibility,
NSIDC,ISO,latest%20NSIDC%20ISO%20XML.xml,Responsibility,
NSIDC,ISO,latest%20NSIDC%20ISO%20XML.xml,Responsibility,
NSIDC,ISO,latest%20NSIDC%20ISO%20XML.xml,Responsibility,
NSIDC,ISO,latest%20NSIDC%20ISO%20XML.xml,Responsibility,
NSIDC,ISO,latest%20NSIDC%20ISO%20XML.xml,Responsibility,
NSIDC,ISO,latest%20NSIDC%20ISO%20XML.xml,Responsibility,
NSIDC,ISO,latest%20NSIDC%20ISO%20XML.xml,Responsibility,
NSIDC,ISO,latest%20NSIDC%20ISO%20XML.xml,Responsibility,
NSIDC,ISO,latest%20NSIDC%20ISO%20XML.xml,Responsibility,
NSIDC,ISO,latest%20NSIDC%20ISO%20XML.xml,Responsibility,
NSIDC,ISO,latest%20NSIDC%20ISO%20XML.xml,Responsibility,
NSIDC,ISO,latest%20NSIDC%20ISO%20XML.xml,Responsibility,
NSIDC,ISO,latest%20NSIDC%20ISO%20XML.xml,Responsibility,
NSIDC,ISO,latest%20NSIDC%20ISO%20XML.xml,Responsibility,
NSIDC,ISO,latest%20NSIDC%20ISO%20XML.xml,Responsibility,
NSIDC,ISO,latest%20NSIDC%20ISO%20XML.xml,Responsibility,
NSIDC,ISO,latest%20NSIDC%20ISO%20XML.xml,Responsibility,
NSIDC,ISO,latest%20NSIDC%20ISO%20XML.xml,Responsibility,
NSIDC,ISO,latest%20NSIDC%20ISO%20XML.xml,Responsibility,
NSIDC,ISO,latest%20NSIDC%20ISO%20XML.xml,Responsibility,
NSIDC,ISO,latest%20NSIDC%20ISO%20XML.xml,Responsibility,
NSIDC,ISO,latest%20NSIDC%20ISO%20XML.xml,Responsibility,
NSIDC,ISO,latest%20NSIDC%20ISO%20XML.xml,Responsibility,
NSIDC,ISO,latest%20NSIDC%20ISO%20XML.xml,Responsibility,
NSIDC,ISO,latest%20NSIDC%20ISO%20XML.xml,Responsibility,
NSIDC,ISO,latest%20NSIDC%20ISO%20XML.xml,Responsibility,
NSIDC,ISO,latest%20NSIDC%20ISO%20XML.xml,Responsibility,
NSIDC,ISO,latest%20NSIDC%20ISO%20XML.xml,Responsibility,
NSIDC,ISO,latest%20NSIDC%20ISO%20XML.xml,Responsibility,
NSIDC,ISO,latest%20NSIDC%20ISO%20XML.xml,Responsibility,
NSIDC,ISO,latest%20NSIDC%20ISO%20XML.xml,Responsibility,
NSIDC,ISO,latest%20NSIDC%20ISO%20XML.xml,Responsibility,
NSIDC,ISO,latest%20NSIDC%20ISO%20XML.xml,Responsibility,
NSIDC,ISO,latest%20NSIDC%20ISO%20XML.xml,Responsibility,
NSIDC,ISO,latest%20NSIDC%20ISO%20XML.xml,Responsibility,
NSIDC,ISO,latest%20NSIDC%20ISO%20XML.xml,Responsibility,
NSIDC,ISO,latest%20NSIDC%20ISO%20XML.xml,Responsibility,
NSIDC,ISO,latest%20NSIDC%20ISO%20XML.xml,Responsibility,
NSIDC,ISO,latest%20NSIDC%20ISO%20XML.xml,Responsibility,
NSIDC,ISO,latest%20NSIDC%20ISO%20XML.xml,Responsibility,
NSIDC,ISO,latest%20NSIDC%20ISO%20XML.xml,Responsibility,
NSIDC,ISO,latest%20NSIDC%20ISO%20XML.xml,Responsibility,
NSIDC,ISO,latest%20NSIDC%20ISO%20XML.xml,Responsibility,
NSIDC,ISO,latest%20NSIDC%20ISO%20XML.xml,Responsibility,
NSIDC,ISO,latest%20NSIDC%20ISO%20XML.xml,Responsibility,
NSIDC,ISO,latest%20NSIDC%20ISO%20XML.xml,Responsibility,
NSIDC,ISO,latest%20NSIDC%20ISO%20XML.xml,Responsibility,
NSIDC,ISO,latest%20NSIDC%20ISO%20XML.xml,Responsibility,
NSIDC,ISO,latest%20NSIDC%20ISO%20XML.xml,Responsibility,
NSIDC,ISO,latest%20NSIDC%20ISO%20XML.xml,Responsibility,
NSIDC,ISO,latest%20NSIDC%20ISO%20XML.xml,Responsibility,
NSIDC,ISO,latest%20NSIDC%20ISO%20XML.xml,Responsibility,
NSIDC,ISO,latest%20NSIDC%20ISO%20XML.xml,Responsibility,
NSIDC,ISO,latest%20NSIDC%20ISO%20XML.xml,Responsibility,
NSIDC,ISO,latest%20NSIDC%20ISO%20XML.xml,Responsibility,
NSIDC,ISO,latest%20NSIDC%20ISO%20XML.xml,Responsibility,
NSIDC,ISO,latest%20NSIDC%20ISO%20XML.xml,Responsibility,
NSIDC,ISO,latest%20NSIDC%20ISO%20XML.xml,Responsibility,
NSIDC,ISO,latest%20NSIDC%20ISO%20XML.xml,Responsibility,
NSIDC,ISO,latest%20NSIDC%20ISO%20XML.xml,Responsibility,
NSIDC,ISO,latest%20NSIDC%20ISO%20XML.xml,Responsibility,
NSIDC,ISO,latest%20NSIDC%20ISO%20XML.xml,Responsibility,
NSIDC,ISO,latest%20NSIDC%20ISO%20XML.xml,Responsibility,
NSIDC,ISO,latest%20NSIDC%20ISO%20XML.xml,Responsibility,
NSIDC,ISO,latest%20NSIDC%20ISO%20XML.xml,Responsibility,
NSIDC,ISO,latest%20NSIDC%20ISO%20XML.xml,Responsibility,
NSIDC,ISO,latest%20NSIDC%20ISO%20XML.xml,Responsibility,
NSIDC,ISO,latest%20NSIDC%20ISO%20XML.xml,Responsibility,
NSIDC,ISO,latest%20NSIDC%20ISO%20XML.xml,Responsibility,
NSIDC,ISO,latest%20NSIDC%20ISO%20XML.xml,Responsibility,
NSIDC,ISO,latest%20NSIDC%20ISO%20XML.xml,Responsibility,
NSIDC,ISO,latest%20NSIDC%20ISO%20XML.xml,Responsibility,
NSIDC,ISO,latest%20NSIDC%20ISO%20XML.xml,Responsibility,
NSIDC,ISO,latest%20NSIDC%20ISO%20XML.xml,Responsibility,
NSIDC,ISO,latest%20NSIDC%20ISO%20XML.xml,Responsibility,
NSIDC,ISO,latest%20NSIDC%20ISO%20XML.xml,Responsibility,
NSIDC,ISO,latest%20NSIDC%20ISO%20XML.xml,Responsibility,
NSIDC,ISO,latest%20NSIDC%20ISO%20XML.xml,Responsibility,
NSIDC,ISO,latest%20NSIDC%20ISO%20XML.xml,Responsibility,
NSIDC,ISO,latest%20NSIDC%20ISO%20XML.xml,Responsibility,
NSIDC,ISO,latest%20NSIDC%20ISO%20XML.xml,Responsibility,
NSIDC,ISO,latest%20NSIDC%20ISO%20XML.xml,Responsibility,
NSIDC,ISO,latest%20NSIDC%20ISO%20XML.xml,Responsibility,
NSIDC,ISO,latest%20NSIDC%20ISO%20XML.xml,Responsibility,
NSIDC,ISO,latest%20NSIDC%20ISO%20XML.xml,Responsibility,
NSIDC,ISO,latest%20NSIDC%20ISO%20XML.xml,Responsibility,
NSIDC,ISO,latest%20NSIDC%20ISO%20XML.xml,Responsibility,
NSIDC,ISO,latest%20NSIDC%20ISO%20XML.xml,Responsibility,
NSIDC,ISO,latest%20NSIDC%20ISO%20XML.xml,Responsibility,
NSIDC,ISO,latest%20NSIDC%20ISO%20XML.xml,Responsibility,
NSIDC,ISO,latest%20NSIDC%20ISO%20XML.xml,Responsibility,
NSIDC,ISO,latest%20NSIDC%20ISO%20XML.xml,Responsibility,
NSIDC,ISO,latest%20NSIDC%20ISO%20XML.xml,Responsibility,
NSIDC,ISO,latest%20NSIDC%20ISO%20XML.xml,Responsibility,
NSIDC,ISO,latest%20NSIDC%20ISO%20XML.xml,Responsibility,
NSIDC,ISO,latest%20NSIDC%20ISO%20XML.xml,Responsibility,
NSIDC,ISO,latest%20NSIDC%20ISO%20XML.xml,Responsibility,
NSIDC,ISO,latest%20NSIDC%20ISO%20XML.xml,Responsibility,
NSIDC,ISO,latest%20NSIDC%20ISO%20XML.xml,Responsibility,
NSIDC,ISO,latest%20NSIDC%20ISO%20XML.xml,Responsibility,
NSIDC,ISO,latest%20NSIDC%20ISO%20XML.xml,Responsibility,
NSIDC,ISO,latest%20NSIDC%20ISO%20XML.xml,Responsibility,
NSIDC,ISO,latest%20NSIDC%20ISO%20XML.xml,Responsibility,
NSIDC,ISO,latest%20NSIDC%20ISO%20XML.xml,Responsibility,
NSIDC,ISO,latest%20NSIDC%20ISO%20XML.xml,Responsibility,
NSIDC,ISO,latest%20NSIDC%20ISO%20XML.xml,Responsibility,
NSIDC,ISO,latest%20NSIDC%20ISO%20XML.xml,Responsibility,
NSIDC,ISO,latest%20NSIDC%20ISO%20XML.xml,Responsibility,
NSIDC,ISO,latest%20NSIDC%20ISO%20XML.xml,Responsibility,
NSIDC,ISO,latest%20NSIDC%20ISO%20XML.xml,Responsibility,
NSIDC,ISO,latest%20NSIDC%20ISO%20XML.xml,Responsibility,
NSIDC,ISO,latest%20NSIDC%20ISO%20XML.xml,Responsibility,
NSIDC,ISO,latest%20NSIDC%20ISO%20XML.xml,Responsibility,
NSIDC,ISO,latest%20NSIDC%20ISO%20XML.xml,Responsibility,
NSIDC,ISO,latest%20NSIDC%20ISO%20XML.xml,Responsibility,
NSIDC,ISO,latest%20NSIDC%20ISO%20XML.xml,Responsibility,
NSIDC,ISO,latest%20NSIDC%20ISO%20XML.xml,Responsibility,
NSIDC,ISO,latest%20NSIDC%20ISO%20XML.xml,Responsibility,
NSIDC,ISO,latest%20NSIDC%20ISO%20XML.xml,Responsibility,
NSIDC,ISO,latest%20NSIDC%20ISO%20XML.xml,Responsibility,
NSIDC,ISO,latest%20NSIDC%20ISO%20XML.xml,Responsibility,
NSIDC,ISO,latest%20NSIDC%20ISO%20XML.xml,Responsibility,
NSIDC,ISO,latest%20NSIDC%20ISO%20XML.xml,Responsibility,
NSIDC,ISO,latest%20NSIDC%20ISO%20XML.xml,Responsibility,
NSIDC,ISO,latest%20NSIDC%20ISO%20XML.xml,Responsibility,
NSIDC,ISO,latest%20NSIDC%20ISO%20XML.xml,Responsibility,
NSIDC,ISO,latest%20NSIDC%20ISO%20XML.xml,Responsibility,
NSIDC,ISO,latest%20NSIDC%20ISO%20XML.xml,Responsibility,
NSIDC,ISO,latest%20NSIDC%20ISO%20XML.xml,Responsibility,
NSIDC,ISO,latest%20NSIDC%20ISO%20XML.xml,Responsibility,
NSIDC,ISO,latest%20NSIDC%20ISO%20XML.xml,Responsibility,
NSIDC,ISO,latest%20NSIDC%20ISO%20XML.xml,Responsibility,
NSIDC,ISO,latest%20NSIDC%20ISO%20XML.xml,Responsibility,
NSIDC,ISO,latest%20NSIDC%20ISO%20XML.xml,Responsibility,
NSIDC,ISO,latest%20NSIDC%20ISO%20XML.xml,Responsibility,
NSIDC,ISO,latest%20NSIDC%20ISO%20XML.xml,Responsibility,
NSIDC,ISO,latest%20NSIDC%20ISO%20XML.xml,Responsibility,
NSIDC,ISO,latest%20NSIDC%20ISO%20XML.xml,Responsibility,
NSIDC,ISO,latest%20NSIDC%20ISO%20XML.xml,Responsibility,
NSIDC,ISO,latest%20NSIDC%20ISO%20XML.xml,Responsibility,
NSIDC,ISO,latest%20NSIDC%20ISO%20XML.xml,Responsibility,
NSIDC,ISO,latest%20NSIDC%20ISO%20XML.xml,Responsibility,
NSIDC,ISO,latest%20NSIDC%20ISO%20XML.xml,Responsibility,
NSIDC,ISO,latest%20NSIDC%20ISO%20XML.xml,Responsibility,
NSIDC,ISO,latest%20NSIDC%20ISO%20XML.xml,Responsibility,
NSIDC,ISO,latest%20NSIDC%20ISO%20XML.xml,Responsibility,
NSIDC,ISO,latest%20NSIDC%20ISO%20XML.xml,Responsibility,
NSIDC,ISO,latest%20NSIDC%20ISO%20XML.xml,Responsibility,
NSIDC,ISO,latest%20NSIDC%20ISO%20XML.xml,Responsibility,
NSIDC,ISO,latest%20NSIDC%20ISO%20XML.xml,Responsibility,
NSIDC,ISO,latest%20NSIDC%20ISO%20XML.xml,Responsibility,
NSIDC,ISO,latest%20NSIDC%20ISO%20XML.xml,Responsibility,
NSIDC,ISO,latest%20NSIDC%20ISO%20XML.xml,Responsibility,
NSIDC,ISO,latest%20NSIDC%20ISO%20XML.xml,Responsibility,
NSIDC,ISO,latest%20NSIDC%20ISO%20XML.xml,Responsibility,
NSIDC,ISO,latest%20NSIDC%20ISO%20XML.xml,Responsibility,
NSIDC,ISO,latest%20NSIDC%20ISO%20XML.xml,Responsibility,
NSIDC,ISO,latest%20NSIDC%20ISO%20XML.xml,Responsibility,
NSIDC,ISO,latest%20NSIDC%20ISO%20XML.xml,Responsibility,
NSIDC,ISO,latest%20NSIDC%20ISO%20XML.xml,Responsibility,
NSIDC,ISO,latest%20NSIDC%20ISO%20XML.xml,Responsibility,
NSIDC,ISO,latest%20NSIDC%20ISO%20XML.xml,Responsibility,
NSIDC,ISO,latest%20NSIDC%20ISO%20XML.xml,Responsibility,
NSIDC,ISO,latest%20NSIDC%20ISO%20XML.xml,Responsibility,
NSIDC,ISO,latest%20NSIDC%20ISO%20XML.xml,Responsibility,
NSIDC,ISO,latest%20NSIDC%20ISO%20XML.xml,Responsibility,
NSIDC,ISO,latest%20NSIDC%20ISO%20XML.xml,Responsibility,
NSIDC,ISO,latest%20NSIDC%20ISO%20XML.xml,Responsibility,
NSIDC,ISO,latest%20NSIDC%20ISO%20XML.xml,Responsibility,
NSIDC,ISO,latest%20NSIDC%20ISO%20XML.xml,Responsibility,
NSIDC,ISO,latest%20NSIDC%20ISO%20XML.xml,Responsibility,
NSIDC,ISO,latest%20NSIDC%20ISO%20XML.xml,Responsibility,
NSIDC,ISO,latest%20NSIDC%20ISO%20XML.xml,Responsibility,
NSIDC,ISO,latest%20NSIDC%20ISO%20XML.xml,Responsibility,
NSIDC,ISO,latest%20NSIDC%20ISO%20XML.xml,Responsibility,
NSIDC,ISO,latest%20NSIDC%20ISO%20XML.xml,Responsibility,
NSIDC,ISO,latest%20NSIDC%20ISO%20XML.xml,Responsibility,
NSIDC,ISO,latest%20NSIDC%20ISO%20XML.xml,Responsibility,
NSIDC,ISO,latest%20NSIDC%20ISO%20XML.xml,Responsibility,
NSIDC,ISO,latest%20NSIDC%20ISO%20XML.xml,Responsibility,
NSIDC,ISO,latest%20NSIDC%20ISO%20XML.xml,Responsibility,
NSIDC,ISO,latest%20NSIDC%20ISO%20XML.xml,Responsibility,
NSIDC,ISO,latest%20NSIDC%20ISO%20XML.xml,Responsibility,
NSIDC,ISO,latest%20NSIDC%20ISO%20XML.xml,Responsibility,
NSIDC,ISO,latest%20NSIDC%20ISO%20XML.xml,Responsibility,
NSIDC,ISO,latest%20NSIDC%20ISO%20XML.xml,Responsibility,
NSIDC,ISO,latest%20NSIDC%20ISO%20XML.xml,Responsibility,
NSIDC,ISO,latest%20NSIDC%20ISO%20XML.xml,Responsibility,
NSIDC,ISO,latest%20NSIDC%20ISO%20XML.xml,Responsibility,
NSIDC,ISO,latest%20NSIDC%20ISO%20XML.xml,Responsibility,
NSIDC,ISO,latest%20NSIDC%20ISO%20XML.xml,Responsibility,
NSIDC,ISO,latest%20NSIDC%20ISO%20XML.xml,Responsibility,
NSIDC,ISO,latest%20NSIDC%20ISO%20XML.xml,Responsibility,
NSIDC,ISO,latest%20NSIDC%20ISO%20XML.xml,Responsibility,
NSIDC,ISO,latest%20NSIDC%20ISO%20XML.xml,Responsibility,
NSIDC,ISO,latest%20NSIDC%20ISO%20XML.xml,Responsibility,
NSIDC,ISO,latest%20NSIDC%20ISO%20XML.xml,Responsibility,
NSIDC,ISO,latest%20NSIDC%20ISO%20XML.xml,Responsibility,
NSIDC,ISO,latest%20NSIDC%20ISO%20XML.xml,Responsibility,
NSIDC,ISO,latest%20NSIDC%20ISO%20XML.xml,Responsibility,
NSIDC,ISO,latest%20NSIDC%20ISO%20XML.xml,Responsibility,
NSIDC,ISO,latest%20NSIDC%20ISO%20XML.xml,Responsibility,
NSIDC,ISO,latest%20NSIDC%20ISO%20XML.xml,Responsibility,
NSIDC,ISO,latest%20NSIDC%20ISO%20XML.xml,Responsibility,
NSIDC,ISO,latest%20NSIDC%20ISO%20XML.xml,Responsibility,
NSIDC,ISO,latest%20NSIDC%20ISO%20XML.xml,Responsibility,
NSIDC,ISO,latest%20NSIDC%20ISO%20XML.xml,Responsibility,
NSIDC,ISO,latest%20NSIDC%20ISO%20XML.xml,Responsibility,
NSIDC,ISO,latest%20NSIDC%20ISO%20XML.xml,Responsibility,
NSIDC,ISO,latest%20NSIDC%20ISO%20XML.xml,Responsibility,
NSIDC,ISO,latest%20NSIDC%20ISO%20XML.xml,Responsibility,
NSIDC,ISO,latest%20NSIDC%20ISO%20XML.xml,Responsibility,
NSIDC,ISO,latest%20NSIDC%20ISO%20XML.xml,Responsibility,
NSIDC,ISO,latest%20NSIDC%20ISO%20XML.xml,Responsibility,
NSIDC,ISO,latest%20NSIDC%20ISO%20XML.xml,Responsibility,
NSIDC,ISO,latest%20NSIDC%20ISO%20XML.xml,Responsibility,
NSIDC,ISO,latest%20NSIDC%20ISO%20XML.xml,Responsibility,
NSIDC,ISO,latest%20NSIDC%20ISO%20XML.xml,Responsibility,
NSIDC,ISO,latest%20NSIDC%20ISO%20XML.xml,Responsibility,
NSIDC,ISO,latest%20NSIDC%20ISO%20XML.xml,Responsibility,
NSIDC,ISO,latest%20NSIDC%20ISO%20XML.xml,Responsibility,
NSIDC,ISO,latest%20NSIDC%20ISO%20XML.xml,Responsibility,
NSIDC,ISO,latest%20NSIDC%20ISO%20XML.xml,Responsibility,
NSIDC,ISO,latest%20NSIDC%20ISO%20XML.xml,Responsibility,
NSIDC,ISO,latest%20NSIDC%20ISO%20XML.xml,Responsibility,
NSIDC,ISO,latest%20NSIDC%20ISO%20XML.xml,Responsibility,
NSIDC,ISO,latest%20NSIDC%20ISO%20XML.xml,Responsibility,
NSIDC,ISO,latest%20NSIDC%20ISO%20XML.xml,Responsibility,
NSIDC,ISO,latest%20NSIDC%20ISO%20XML.xml,Responsibility,
NSIDC,ISO,latest%20NSIDC%20ISO%20XML.xml,Responsibility,
NSIDC,ISO,latest%20NSIDC%20ISO%20XML.xml,Responsibility,
NSIDC,ISO,latest%20NSIDC%20ISO%20XML.xml,Responsibility,
NSIDC,ISO,latest%20NSIDC%20ISO%20XML.xml,Responsibility,
NSIDC,ISO,latest%20NSIDC%20ISO%20XML.xml,Responsibility,
NSIDC,ISO,latest%20NSIDC%20ISO%20XML.xml,Responsibility,
NSIDC,ISO,latest%20NSIDC%20ISO%20XML.xml,Responsibility,
NSIDC,ISO,latest%20NSIDC%20ISO%20XML.xml,Responsibility,
NSIDC,ISO,latest%20NSIDC%20ISO%20XML.xml,Responsibility,
NSIDC,ISO,latest%20NSIDC%20ISO%20XML.xml,Responsibility,
NSIDC,ISO,latest%20NSIDC%20ISO%20XML.xml,Responsibility,
NSIDC,ISO,latest%20NSIDC%20ISO%20XML.xml,Responsibility,
NSIDC,ISO,latest%20NSIDC%20ISO%20XML.xml,Responsibility,
NSIDC,ISO,latest%20NSIDC%20ISO%20XML.xml,Responsibility,
NSIDC,ISO,latest%20NSIDC%20ISO%20XML.xml,Responsibility,
NSIDC,ISO,latest%20NSIDC%20ISO%20XML.xml,Responsibility,
NSIDC,ISO,latest%20NSIDC%20ISO%20XML.xml,Responsibility,
NSIDC,ISO,latest%20NSIDC%20ISO%20XML.xml,Responsibility,
NSIDC,ISO,latest%20NSIDC%20ISO%20XML.xml,Responsibility,
NSIDC,ISO,latest%20NSIDC%20ISO%20XML.xml,Responsibility,
NSIDC,ISO,latest%20NSIDC%20ISO%20XML.xml,Responsibility,
NSIDC,ISO,latest%20NSIDC%20ISO%20XML.xml,Responsibility,
NSIDC,ISO,latest%20NSIDC%20ISO%20XML.xml,Responsibility,
NSIDC,ISO,latest%20NSIDC%20ISO%20XML.xml,Responsibility,
NSIDC,ISO,latest%20NSIDC%20ISO%20XML.xml,Responsibility,
NSIDC,ISO,latest%20NSIDC%20ISO%20XML.xml,Responsibility,
NSIDC,ISO,latest%20NSIDC%20ISO%20XML.xml,Responsibility,
NSIDC,ISO,latest%20NSIDC%20ISO%20XML.xml,Responsibility,
NSIDC,ISO,latest%20NSIDC%20ISO%20XML.xml,Responsibility,
NSIDC,ISO,latest%20NSIDC%20ISO%20XML.xml,Responsibility,
NSIDC,ISO,latest%20NSIDC%20ISO%20XML.xml,Responsibility,
NSIDC,ISO,latest%20NSIDC%20ISO%20XML.xml,Responsibility,
NSIDC,ISO,latest%20NSIDC%20ISO%20XML.xml,Responsibility,
NSIDC,ISO,latest%20NSIDC%20ISO%20XML.xml,Responsibility,
NSIDC,ISO,latest%20NSIDC%20ISO%20XML.xml,Responsibility,
NSIDC,ISO,latest%20NSIDC%20ISO%20XML.xml,Responsibility,
NSIDC,ISO,latest%20NSIDC%20ISO%20XML.xml,Responsibility,
NSIDC,ISO,latest%20NSIDC%20ISO%20XML.xml,Responsibility,
NSIDC,ISO,latest%20NSIDC%20ISO%20XML.xml,Responsibility,
NSIDC,ISO,latest%20NSIDC%20ISO%20XML.xml,Responsibility,
NSIDC,ISO,latest%20NSIDC%20ISO%20XML.xml,Responsibility,
NSIDC,ISO,latest%20NSIDC%20ISO%20XML.xml,Responsibility,
NSIDC,ISO,latest%20NSIDC%20ISO%20XML.xml,Responsibility,
NSIDC,ISO,latest%20NSIDC%20ISO%20XML.xml,Responsibility,
NSIDC,ISO,latest%20NSIDC%20ISO%20XML.xml,Responsibility,
NSIDC,ISO,latest%20NSIDC%20ISO%20XML.xml,Responsibility,
NSIDC,ISO,latest%20NSIDC%20ISO%20XML.xml,Responsibility,
NSIDC,ISO,latest%20NSIDC%20ISO%20XML.xml,Responsibility,
NSIDC,ISO,latest%20NSIDC%20ISO%20XML.xml,Responsibility,
NSIDC,ISO,latest%20NSIDC%20ISO%20XML.xml,Responsibility,
NSIDC,ISO,latest%20NSIDC%20ISO%20XML.xml,Responsibility,
NSIDC,ISO,latest%20NSIDC%20ISO%20XML.xml,Responsibility,
NSIDC,ISO,latest%20NSIDC%20ISO%20XML.xml,Responsibility,
NSIDC,ISO,latest%20NSIDC%20ISO%20XML.xml,Responsibility,
NSIDC,ISO,latest%20NSIDC%20ISO%20XML.xml,Responsibility,
NSIDC,ISO,latest%20NSIDC%20ISO%20XML.xml,Responsibility,
NSIDC,ISO,latest%20NSIDC%20ISO%20XML.xml,Responsibility,
NSIDC,ISO,latest%20NSIDC%20ISO%20XML.xml,Responsibility,
NSIDC,ISO,latest%20NSIDC%20ISO%20XML.xml,Responsibility,
NSIDC,ISO,latest%20NSIDC%20ISO%20XML.xml,Responsibility,
NSIDC,ISO,latest%20NSIDC%20ISO%20XML.xml,Responsibility,
NSIDC,ISO,latest%20NSIDC%20ISO%20XML.xml,Responsibility,
NSIDC,ISO,latest%20NSIDC%20ISO%20XML.xml,Responsibility,
NSIDC,ISO,latest%20NSIDC%20ISO%20XML.xml,Responsibility,
NSIDC,ISO,latest%20NSIDC%20ISO%20XML.xml,Responsibility,
NSIDC,ISO,latest%20NSIDC%20ISO%20XML.xml,Responsibility,
NSIDC,ISO,latest%20NSIDC%20ISO%20XML.xml,Responsibility,
NSIDC,ISO,latest%20NSIDC%20ISO%20XML.xml,Responsibility,
NSIDC,ISO,latest%20NSIDC%20ISO%20XML.xml,Responsibility,
NSIDC,ISO,latest%20NSIDC%20ISO%20XML.xml,Responsibility,
NSIDC,ISO,latest%20NSIDC%20ISO%20XML.xml,Responsibility,
NSIDC,ISO,latest%20NSIDC%20ISO%20XML.xml,Responsibility,
NSIDC,ISO,latest%20NSIDC%20ISO%20XML.xml,Responsibility,
NSIDC,ISO,latest%20NSIDC%20ISO%20XML.xml,Responsibility,
NSIDC,ISO,latest%20NSIDC%20ISO%20XML.xml,Responsibility,
NSIDC,ISO,latest%20NSIDC%20ISO%20XML.xml,Responsibility,
NSIDC,ISO,latest%20NSIDC%20ISO%20XML.xml,Responsibility,
NSIDC,ISO,latest%20NSIDC%20ISO%20XML.xml,Responsibility,
NSIDC,ISO,latest%20NSIDC%20ISO%20XML.xml,Responsibility,
NSIDC,ISO,latest%20NSIDC%20ISO%20XML.xml,Responsibility,
NSIDC,ISO,latest%20NSIDC%20ISO%20XML.xml,Responsibility,
NSIDC,ISO,latest%20NSIDC%20ISO%20XML.xml,Responsibility,
NSIDC,ISO,latest%20NSIDC%20ISO%20XML.xml,Responsibility,
NSIDC,ISO,latest%20NSIDC%20ISO%20XML.xml,Responsibility,
NSIDC,ISO,latest%20NSIDC%20ISO%20XML.xml,Responsibility,
NSIDC,ISO,latest%20NSIDC%20ISO%20XML.xml,Responsibility,
NSIDC,ISO,latest%20NSIDC%20ISO%20XML.xml,Responsibility,
NSIDC,ISO,latest%20NSIDC%20ISO%20XML.xml,Responsibility,
NSIDC,ISO,latest%20NSIDC%20ISO%20XML.xml,Responsibility,
NSIDC,ISO,latest%20NSIDC%20ISO%20XML.xml,Responsibility,
NSIDC,ISO,latest%20NSIDC%20ISO%20XML.xml,Responsibility,
NSIDC,ISO,latest%20NSIDC%20ISO%20XML.xml,Responsibility,
NSIDC,ISO,latest%20NSIDC%20ISO%20XML.xml,Responsibility,
NSIDC,ISO,latest%20NSIDC%20ISO%20XML.xml,Responsibility,
NSIDC,ISO,latest%20NSIDC%20ISO%20XML.xml,Responsibility,
NSIDC,ISO,latest%20NSIDC%20ISO%20XML.xml,Responsibility,
NSIDC,ISO,latest%20NSIDC%20ISO%20XML.xml,Responsibility,
NSIDC,ISO,latest%20NSIDC%20ISO%20XML.xml,Responsibility,
NSIDC,ISO,latest%20NSIDC%20ISO%20XML.xml,Responsibility,
NSIDC,ISO,latest%20NSIDC%20ISO%20XML.xml,Responsibility,
NSIDC,ISO,latest%20NSIDC%20ISO%20XML.xml,Responsibility,
NSIDC,ISO,latest%20NSIDC%20ISO%20XML.xml,Responsibility,
NSIDC,ISO,latest%20NSIDC%20ISO%20XML.xml,Responsibility,
NSIDC,ISO,latest%20NSIDC%20ISO%20XML.xml,Responsibility,
NSIDC,ISO,latest%20NSIDC%20ISO%20XML.xml,Responsibility,
NSIDC,ISO,latest%20NSIDC%20ISO%20XML.xml,Responsibility,
NSIDC,ISO,latest%20NSIDC%20ISO%20XML.xml,Responsibility,
NSIDC,ISO,latest%20NSIDC%20ISO%20XML.xml,Responsibility,
NSIDC,ISO,latest%20NSIDC%20ISO%20XML.xml,Responsibility,
NSIDC,ISO,latest%20NSIDC%20ISO%20XML.xml,Responsibility,
NSIDC,ISO,latest%20NSIDC%20ISO%20XML.xml,Responsibility,
NSIDC,ISO,latest%20NSIDC%20ISO%20XML.xml,Responsibility,
NSIDC,ISO,latest%20NSIDC%20ISO%20XML.xml,Responsibility,
NSIDC,ISO,latest%20NSIDC%20ISO%20XML.xml,Responsibility,
NSIDC,ISO,latest%20NSIDC%20ISO%20XML.xml,Responsibility,
NSIDC,ISO,latest%20NSIDC%20ISO%20XML.xml,Responsibility,
NSIDC,ISO,latest%20NSIDC%20ISO%20XML.xml,Responsibility,
NSIDC,ISO,latest%20NSIDC%20ISO%20XML.xml,Responsibility,
NSIDC,ISO,latest%20NSIDC%20ISO%20XML.xml,Responsibility,
NSIDC,ISO,latest%20NSIDC%20ISO%20XML.xml,Responsibility,
NSIDC,ISO,latest%20NSIDC%20ISO%20XML.xml,Responsibility,
NSIDC,ISO,latest%20NSIDC%20ISO%20XML.xml,Responsibility,
NSIDC,ISO,latest%20NSIDC%20ISO%20XML.xml,Responsibility,
NSIDC,ISO,latest%20NSIDC%20ISO%20XML.xml,Responsibility,
NSIDC,ISO,latest%20NSIDC%20ISO%20XML.xml,Responsibility,
NSIDC,ISO,latest%20NSIDC%20ISO%20XML.xml,Responsibility,
NSIDC,ISO,latest%20NSIDC%20ISO%20XML.xml,Responsibility,
NSIDC,ISO,latest%20NSIDC%20ISO%20XML.xml,Responsibility,
NSIDC,ISO,latest%20NSIDC%20ISO%20XML.xml,Responsibility,
NSIDC,ISO,latest%20NSIDC%20ISO%20XML.xml,Responsibility,
NSIDC,ISO,latest%20NSIDC%20ISO%20XML.xml,Responsibility,
NSIDC,ISO,latest%20NSIDC%20ISO%20XML.xml,Responsibility,
NSIDC,ISO,latest%20NSIDC%20ISO%20XML.xml,Responsibility,
NSIDC,ISO,latest%20NSIDC%20ISO%20XML.xml,Responsibility,
NSIDC,ISO,latest%20NSIDC%20ISO%20XML.xml,Responsibility,
NSIDC,ISO,latest%20NSIDC%20ISO%20XML.xml,Responsibility,
NSIDC,ISO,latest%20NSIDC%20ISO%20XML.xml,Responsibility,
NSIDC,ISO,latest%20NSIDC%20ISO%20XML.xml,Responsibility,
NSIDC,ISO,latest%20NSIDC%20ISO%20XML.xml,Responsibility,
NSIDC,ISO,latest%20NSIDC%20ISO%20XML.xml,Responsibility,
NSIDC,ISO,latest%20NSIDC%20ISO%20XML.xml,Responsibility,
NSIDC,ISO,latest%20NSIDC%20ISO%20XML.xml,Responsibility,
NSIDC,ISO,latest%20NSIDC%20ISO%20XML.xml,Responsibility,
NSIDC,ISO,latest%20NSIDC%20ISO%20XML.xml,Responsibility,
NSIDC,ISO,latest%20NSIDC%20ISO%20XML.xml,Responsibility,
NSIDC,ISO,latest%20NSIDC%20ISO%20XML.xml,Responsibility,
NSIDC,ISO,latest%20NSIDC%20ISO%20XML.xml,Responsibility,
NSIDC,ISO,latest%20NSIDC%20ISO%20XML.xml,Responsibility,
NSIDC,ISO,latest%20NSIDC%20ISO%20XML.xml,Responsibility,
NSIDC,ISO,latest%20NSIDC%20ISO%20XML.xml,Responsibility,
NSIDC,ISO,latest%20NSIDC%20ISO%20XML.xml,Responsibility,
NSIDC,ISO,latest%20NSIDC%20ISO%20XML.xml,Responsibility,
NSIDC,ISO,latest%20NSIDC%20ISO%20XML.xml,Responsibility,
NSIDC,ISO,latest%20NSIDC%20ISO%20XML.xml,Responsibility,
NSIDC,ISO,latest%20NSIDC%20ISO%20XML.xml,Responsibility,
NSIDC,ISO,latest%20NSIDC%20ISO%20XML.xml,Responsibility,
NSIDC,ISO,latest%20NSIDC%20ISO%20XML.xml,Responsibility,
NSIDC,ISO,latest%20NSIDC%20ISO%20XML.xml,Responsibility,
NSIDC,ISO,latest%20NSIDC%20ISO%20XML.xml,Responsibility,
NSIDC,ISO,latest%20NSIDC%20ISO%20XML.xml,Responsibility,
NSIDC,ISO,latest%20NSIDC%20ISO%20XML.xml,Responsibility,
NSIDC,ISO,latest%20NSIDC%20ISO%20XML.xml,Responsibility,
NSIDC,ISO,latest%20NSIDC%20ISO%20XML.xml,Responsibility,
NSIDC,ISO,latest%20NSIDC%20ISO%20XML.xml,Responsibility,
NSIDC,ISO,latest%20NSIDC%20ISO%20XML.xml,Responsibility,
NSIDC,ISO,latest%20NSIDC%20ISO%20XML.xml,Responsibility,
NSIDC,ISO,latest%20NSIDC%20ISO%20XML.xml,Responsibility,
NSIDC,ISO,latest%20NSIDC%20ISO%20XML.xml,Responsibility,
NSIDC,ISO,latest%20NSIDC%20ISO%20XML.xml,Responsibility,
NSIDC,ISO,latest%20NSIDC%20ISO%20XML.xml,Responsibility,
NSIDC,ISO,latest%20NSIDC%20ISO%20XML.xml,Responsibility,
NSIDC,ISO,latest%20NSIDC%20ISO%20XML.xml,Responsibility,
NSIDC,ISO,latest%20NSIDC%20ISO%20XML.xml,Responsibility,
NSIDC,ISO,latest%20NSIDC%20ISO%20XML.xml,Responsibility,
NSIDC,ISO,latest%20NSIDC%20ISO%20XML.xml,Responsibility,
NSIDC,ISO,latest%20NSIDC%20ISO%20XML.xml,Responsibility,
NSIDC,ISO,latest%20NSIDC%20ISO%20XML.xml,Responsibility,
NSIDC,ISO,latest%20NSIDC%20ISO%20XML.xml,Responsibility,
NSIDC,ISO,latest%20NSIDC%20ISO%20XML.xml,Responsibility,
NSIDC,ISO,latest%20NSIDC%20ISO%20XML.xml,Responsibility,
NSIDC,ISO,latest%20NSIDC%20ISO%20XML.xml,Responsibility,
NSIDC,ISO,latest%20NSIDC%20ISO%20XML.xml,Responsibility,
NSIDC,ISO,latest%20NSIDC%20ISO%20XML.xml,Responsibility,
NSIDC,ISO,latest%20NSIDC%20ISO%20XML.xml,Responsibility,
NSIDC,ISO,latest%20NSIDC%20ISO%20XML.xml,Responsibility,
NSIDC,ISO,latest%20NSIDC%20ISO%20XML.xml,Responsibility,
NSIDC,ISO,latest%20NSIDC%20ISO%20XML.xml,Responsibility,
NSIDC,ISO,latest%20NSIDC%20ISO%20XML.xml,Responsibility,
NSIDC,ISO,latest%20NSIDC%20ISO%20XML.xml,Responsibility,
NSIDC,ISO,latest%20NSIDC%20ISO%20XML.xml,Responsibility,
NSIDC,ISO,latest%20NSIDC%20ISO%20XML.xml,Responsibility,
NSIDC,ISO,latest%20NSIDC%20ISO%20XML.xml,Rights,
NSIDC,ISO,latest%20NSIDC%20ISO%20XML.xml,Role,
NSIDC,ISO,latest%20NSIDC%20ISO%20XML.xml,Role,
NSIDC,ISO,latest%20NSIDC%20ISO%20XML.xml,Role,
NSIDC,ISO,latest%20NSIDC%20ISO%20XML.xml,Role,
NSIDC,ISO,latest%20NSIDC%20ISO%20XML.xml,Role,
NSIDC,ISO,latest%20NSIDC%20ISO%20XML.xml,Role,
NSIDC,ISO,latest%20NSIDC%20ISO%20XML.xml,Role,
NSIDC,ISO,latest%20NSIDC%20ISO%20XML.xml,Role,
NSIDC,ISO,latest%20NSIDC%20ISO%20XML.xml,Role,
NSIDC,ISO,latest%20NSIDC%20ISO%20XML.xml,Role,
NSIDC,ISO,latest%20NSIDC%20ISO%20XML.xml,Role,
NSIDC,ISO,latest%20NSIDC%20ISO%20XML.xml,Role,
NSIDC,ISO,latest%20NSIDC%20ISO%20XML.xml,Role,
NSIDC,ISO,latest%20NSIDC%20ISO%20XML.xml,Role,
NSIDC,ISO,latest%20NSIDC%20ISO%20XML.xml,Role,
NSIDC,ISO,latest%20NSIDC%20ISO%20XML.xml,Role,
NSIDC,ISO,latest%20NSIDC%20ISO%20XML.xml,Role,
NSIDC,ISO,latest%20NSIDC%20ISO%20XML.xml,Sensor Short Name,
NSIDC,ISO,latest%20NSIDC%20ISO%20XML.xml,Southernmost Latitude,
NSIDC,ISO,latest%20NSIDC%20ISO%20XML.xml,Spatial Extent,
NSIDC,ISO,latest%20NSIDC%20ISO%20XML.xml,Spatial Representation,
NSIDC,ISO,latest%20NSIDC%20ISO%20XML.xml,Standard Name Vocabulary,
NSIDC,ISO,latest%20NSIDC%20ISO%20XML.xml,Standard Name Vocabulary,
NSIDC,ISO,latest%20NSIDC%20ISO%20XML.xml,Standard Name Vocabulary,
NSIDC,ISO,latest%20NSIDC%20ISO%20XML.xml,Standard Name Vocabulary,
NSIDC,ISO,latest%20NSIDC%20ISO%20XML.xml,Standard Name Vocabulary,
NSIDC,ISO,latest%20NSIDC%20ISO%20XML.xml,Start Time,
NSIDC,ISO,latest%20NSIDC%20ISO%20XML.xml,Temporal Extent,
NSIDC,ISO,latest%20NSIDC%20ISO%20XML.xml,Temporal Extent,
NSIDC,ISO,latest%20NSIDC%20ISO%20XML.xml,Temporal Extent,
NSIDC,ISO,latest%20NSIDC%20ISO%20XML.xml,Temporal Extent,
NSIDC,ISO,latest%20NSIDC%20ISO%20XML.xml,Theme Keyword,
NSIDC,ISO,latest%20NSIDC%20ISO%20XML.xml,Theme Keyword,
NSIDC,ISO,latest%20NSIDC%20ISO%20XML.xml,Theme Keyword,
NSIDC,ISO,latest%20NSIDC%20ISO%20XML.xml,Theme Keyword,
NSIDC,ISO,latest%20NSIDC%20ISO%20XML.xml,Topic Category,
NSIDC,ISO,latest%20NSIDC%20ISO%20XML.xml,Topic Category,
NSIDC,ISO,latest%20NSIDC%20ISO%20XML.xml,URL,
NSIDC,ISO,latest%20NSIDC%20ISO%20XML.xml,URL,
NSIDC,ISO,latest%20NSIDC%20ISO%20XML.xml,URL,
NSIDC,ISO,latest%20NSIDC%20ISO%20XML.xml,URL,
NSIDC,ISO,latest%20NSIDC%20ISO%20XML.xml,URL,
NSIDC,ISO,latest%20NSIDC%20ISO%20XML.xml,URL,
NSIDC,ISO,latest%20NSIDC%20ISO%20XML.xml,URL,
NSIDC,ISO,latest%20NSIDC%20ISO%20XML.xml,URL,
NSIDC,ISO,latest%20NSIDC%20ISO%20XML.xml,URL,
NSIDC,ISO,latest%20NSIDC%20ISO%20XML.xml,URL,
NSIDC,ISO,latest%20NSIDC%20ISO%20XML.xml,URL,
NSIDC,ISO,latest%20NSIDC%20ISO%20XML.xml,URL,
NSIDC,ISO,latest%20NSIDC%20ISO%20XML.xml,URL,
NSIDC,ISO,latest%20NSIDC%20ISO%20XML.xml,URL,
NSIDC,ISO,latest%20NSIDC%20ISO%20XML.xml,URL,
NSIDC,ISO,latest%20NSIDC%20ISO%20XML.xml,URL,
NSIDC,ISO,latest%20NSIDC%20ISO%20XML.xml,URL,
NSIDC,ISO,latest%20NSIDC%20ISO%20XML.xml,URL,
NSIDC,ISO,latest%20NSIDC%20ISO%20XML.xml,URL,
NSIDC,ISO,latest%20NSIDC%20ISO%20XML.xml,Web Page,
NSIDC,ISO,latest%20NSIDC%20ISO%20XML.xml,Web Page,
NSIDC,ISO,latest%20NSIDC%20ISO%20XML.xml,Web Page,
NSIDC,ISO,latest%20NSIDC%20ISO%20XML.xml,Web Page,
NSIDC,ISO,latest%20NSIDC%20ISO%20XML.xml,Web Page,
NSIDC,ISO,latest%20NSIDC%20ISO%20XML.xml,Web Page,
NSIDC,ISO,latest%20NSIDC%20ISO%20XML.xml,Web Page,
NSIDC,ISO,latest%20NSIDC%20ISO%20XML.xml,Web Page,
NSIDC,ISO,latest%20NSIDC%20ISO%20XML.xml,Web Page,
NSIDC,ISO,latest%20NSIDC%20ISO%20XML.xml,Web Page,
NSIDC,ISO,latest%20NSIDC%20ISO%20XML.xml,Web Page,
NSIDC,ISO,latest%20NSIDC%20ISO%20XML.xml,Web Page,
NSIDC,ISO,latest%20NSIDC%20ISO%20XML.xml,Web Page,
NSIDC,ISO,latest%20NSIDC%20ISO%20XML.xml,Web Page,
NSIDC,ISO,latest%20NSIDC%20ISO%20XML.xml,Web Page,
NSIDC,ISO,latest%20NSIDC%20ISO%20XML.xml,Web Page,
NSIDC,ISO,latest%20NSIDC%20ISO%20XML.xml,Westernmost Longitude,
